name,url,variant,regular_price,sale_price,scraped_at
HERBES DE PROVENCE,https://justingredients.co.uk/products/herbes-de-provence?_pos=1&_sid=850c5f5b3&_ss=r,100g,£3.60,£2.70,2025-07-27T18:54:50.027081
HERBES DE PROVENCE,https://justingredients.co.uk/products/herbes-de-provence?_pos=1&_sid=850c5f5b3&_ss=r,250g,£7.05,£7.05,2025-07-27T18:54:50.057049
HERBES DE PROVENCE,https://justingredients.co.uk/products/herbes-de-provence?_pos=1&_sid=850c5f5b3&_ss=r,500g,£12.47,£12.47,2025-07-27T18:54:50.085136
HERBES DE PROVENCE,https://justingredients.co.uk/products/herbes-de-provence?_pos=1&_sid=850c5f5b3&_ss=r,1kg,£21.87,£21.87,2025-07-27T18:54:50.110910
PLANTAIN HERB,https://justingredients.co.uk/products/plantain-herb?_pos=2&_sid=850c5f5b3&_ss=r,100g,£5.86,£4.39,2025-07-27T18:54:52.455404
PLANTAIN HERB,https://justingredients.co.uk/products/plantain-herb?_pos=2&_sid=850c5f5b3&_ss=r,500g,£20.83,£20.83,2025-07-27T18:54:52.484465
PASSION FLOWER HERB,https://justingredients.co.uk/products/passion-flower-herb?_pos=3&_sid=850c5f5b3&_ss=r,100g,£7.06,£5.29,2025-07-27T18:54:54.839145
PASSION FLOWER HERB,https://justingredients.co.uk/products/passion-flower-herb?_pos=3&_sid=850c5f5b3&_ss=r,250g,£14.42,£14.42,2025-07-27T18:54:54.869525
PASSION FLOWER HERB,https://justingredients.co.uk/products/passion-flower-herb?_pos=3&_sid=850c5f5b3&_ss=r,500g,£25.85,£25.85,2025-07-27T18:54:54.897443
PASSION FLOWER HERB,https://justingredients.co.uk/products/passion-flower-herb?_pos=3&_sid=850c5f5b3&_ss=r,1kg,£45.94,£45.94,2025-07-27T18:54:54.930141
ECHINACEA HERB,https://justingredients.co.uk/products/echinacea-herb?_pos=4&_sid=850c5f5b3&_ss=r,100g,£5.57,£4.18,2025-07-27T18:54:57.397865
ECHINACEA HERB,https://justingredients.co.uk/products/echinacea-herb?_pos=4&_sid=850c5f5b3&_ss=r,250g,£11.03,£11.03,2025-07-27T18:54:57.423290
ECHINACEA HERB,https://justingredients.co.uk/products/echinacea-herb?_pos=4&_sid=850c5f5b3&_ss=r,500g,£19.61,£19.61,2025-07-27T18:54:57.449704
ECHINACEA HERB,https://justingredients.co.uk/products/echinacea-herb?_pos=4&_sid=850c5f5b3&_ss=r,1kg,£34.54,£34.54,2025-07-27T18:54:57.476167
ITALIAN HERB SEASONING,https://justingredients.co.uk/products/italian-herbs?_pos=5&_sid=850c5f5b3&_ss=r,100g,£3.91,£2.93,2025-07-27T18:54:59.800091
ITALIAN HERB SEASONING,https://justingredients.co.uk/products/italian-herbs?_pos=5&_sid=850c5f5b3&_ss=r,250g,£7.75,£7.75,2025-07-27T18:54:59.827786
ITALIAN HERB SEASONING,https://justingredients.co.uk/products/italian-herbs?_pos=5&_sid=850c5f5b3&_ss=r,500g,£13.77,£13.77,2025-07-27T18:54:59.856096
ITALIAN HERB SEASONING,https://justingredients.co.uk/products/italian-herbs?_pos=5&_sid=850c5f5b3&_ss=r,1kg,£24.20,£24.20,2025-07-27T18:54:59.882794
TANSY HERB,https://justingredients.co.uk/products/tansy-herb?_pos=6&_sid=850c5f5b3&_ss=r,250g,£10.63,£10.63,2025-07-27T18:55:02.212068
TANSY HERB,https://justingredients.co.uk/products/tansy-herb?_pos=6&_sid=850c5f5b3&_ss=r,500g,£18.88,£18.88,2025-07-27T18:55:02.255556
TANSY HERB,https://justingredients.co.uk/products/tansy-herb?_pos=6&_sid=850c5f5b3&_ss=r,1kg,£33.19,£33.19,2025-07-27T18:55:02.282173
BUCKWHEAT HERB,https://justingredients.co.uk/products/buckwheat-herb?_pos=7&_sid=850c5f5b3&_ss=r,100g,£6.35,£4.76,2025-07-27T18:55:04.567143
BUCKWHEAT HERB,https://justingredients.co.uk/products/buckwheat-herb?_pos=7&_sid=850c5f5b3&_ss=r,250g,£12.83,£12.83,2025-07-27T18:55:04.591686
BUCKWHEAT HERB,https://justingredients.co.uk/products/buckwheat-herb?_pos=7&_sid=850c5f5b3&_ss=r,500g,£22.91,£22.91,2025-07-27T18:55:04.615539
BUCKWHEAT HERB,https://justingredients.co.uk/products/buckwheat-herb?_pos=7&_sid=850c5f5b3&_ss=r,1kg,£40.58,£40.58,2025-07-27T18:55:04.640294
CLIVERS HERB (CLEAVERS),https://justingredients.co.uk/products/clivers-herb?_pos=8&_sid=850c5f5b3&_ss=r,100g,£6.30,£4.73,2025-07-27T18:55:06.952797
CLIVERS HERB (CLEAVERS),https://justingredients.co.uk/products/clivers-herb?_pos=8&_sid=850c5f5b3&_ss=r,250g,£12.71,£12.71,2025-07-27T18:55:06.981300
CLIVERS HERB (CLEAVERS),https://justingredients.co.uk/products/clivers-herb?_pos=8&_sid=850c5f5b3&_ss=r,500g,£22.69,£22.69,2025-07-27T18:55:07.011904
CLIVERS HERB (CLEAVERS),https://justingredients.co.uk/products/clivers-herb?_pos=8&_sid=850c5f5b3&_ss=r,1kg,£40.18,£40.18,2025-07-27T18:55:07.043713
ALFALFA HERB POWDER,https://justingredients.co.uk/products/alfalfa-herb-powder?_pos=9&_sid=850c5f5b3&_ss=r,100g,£4.99,£3.74,2025-07-27T18:55:09.473509
ALFALFA HERB POWDER,https://justingredients.co.uk/products/alfalfa-herb-powder?_pos=9&_sid=850c5f5b3&_ss=r,250g,£9.73,£9.73,2025-07-27T18:55:09.498747
YARROW HERB,https://justingredients.co.uk/products/yarrow-herb?_pos=10&_sid=850c5f5b3&_ss=r,100g,£5.79,£4.34,2025-07-27T18:55:11.847938
YARROW HERB,https://justingredients.co.uk/products/yarrow-herb?_pos=10&_sid=850c5f5b3&_ss=r,250g,£11.79,£11.79,2025-07-27T18:55:11.876510
YARROW HERB,https://justingredients.co.uk/products/yarrow-herb?_pos=10&_sid=850c5f5b3&_ss=r,500g,£21.14,£21.14,2025-07-27T18:55:11.901665
WOOD BETONY HERB,https://justingredients.co.uk/products/wood-betony-herb?_pos=11&_sid=850c5f5b3&_ss=r,250g,£15.67,£15.67,2025-07-27T18:55:14.218395
WOOD BETONY HERB,https://justingredients.co.uk/products/wood-betony-herb?_pos=11&_sid=850c5f5b3&_ss=r,500g,£28.14,£28.14,2025-07-27T18:55:14.249465
PLANTAIN HERB POWDER,https://justingredients.co.uk/products/plantain-herb-powder?_pos=12&_sid=850c5f5b3&_ss=r,100g,£7.84,£5.88,2025-07-27T18:55:16.602426
PLANTAIN HERB POWDER,https://justingredients.co.uk/products/plantain-herb-powder?_pos=12&_sid=850c5f5b3&_ss=r,250g,£16.16,£16.16,2025-07-27T18:55:16.629215
PLANTAIN HERB POWDER,https://justingredients.co.uk/products/plantain-herb-powder?_pos=12&_sid=850c5f5b3&_ss=r,500g,£29.08,£29.08,2025-07-27T18:55:16.652465
PLANTAIN HERB POWDER,https://justingredients.co.uk/products/plantain-herb-powder?_pos=12&_sid=850c5f5b3&_ss=r,1kg,£51.84,£51.84,2025-07-27T18:55:16.679607
PASSION FLOWER HERB POWDER,https://justingredients.co.uk/products/passion-flower-herb-powder?_pos=13&_sid=850c5f5b3&_ss=r,250g,£17.33,£17.33,2025-07-27T18:55:18.971225
PASSION FLOWER HERB POWDER,https://justingredients.co.uk/products/passion-flower-herb-powder?_pos=13&_sid=850c5f5b3&_ss=r,500g,£31.19,£31.19,2025-07-27T18:55:19.001966
PASSION FLOWER HERB POWDER,https://justingredients.co.uk/products/passion-flower-herb-powder?_pos=13&_sid=850c5f5b3&_ss=r,1kg,£55.72,£55.72,2025-07-27T18:55:19.031182
GOATS RUE HERB,https://justingredients.co.uk/products/goats-rue-herb?_pos=14&_sid=850c5f5b3&_ss=r,100g,£5.96,£4.48,2025-07-27T18:55:21.390624
GOATS RUE HERB,https://justingredients.co.uk/products/goats-rue-herb?_pos=14&_sid=850c5f5b3&_ss=r,250g,£11.90,£11.90,2025-07-27T18:55:21.418076
GOATS RUE HERB,https://justingredients.co.uk/products/goats-rue-herb?_pos=14&_sid=850c5f5b3&_ss=r,500g,£21.19,£21.19,2025-07-27T18:55:21.442110
GOATS RUE HERB,https://justingredients.co.uk/products/goats-rue-herb?_pos=14&_sid=850c5f5b3&_ss=r,1kg,£37.46,£37.46,2025-07-27T18:55:21.466714
NETTLE HERB POWDER,https://justingredients.co.uk/products/nettle-herb-powder?_pos=15&_sid=850c5f5b3&_ss=r,100g,£8.46,£6.35,2025-07-27T18:55:23.874012
MILK THISTLE HERB POWDER,https://justingredients.co.uk/products/milk-thistle-herb-powder?_pos=16&_sid=850c5f5b3&_ss=r,100g,£8.28,£6.22,2025-07-27T18:55:26.271037
MILK THISTLE HERB POWDER,https://justingredients.co.uk/products/milk-thistle-herb-powder?_pos=16&_sid=850c5f5b3&_ss=r,250g,£17.18,£17.18,2025-07-27T18:55:26.296755
MILK THISTLE HERB POWDER,https://justingredients.co.uk/products/milk-thistle-herb-powder?_pos=16&_sid=850c5f5b3&_ss=r,500g,£30.97,£30.97,2025-07-27T18:55:26.321339
MILK THISTLE HERB POWDER,https://justingredients.co.uk/products/milk-thistle-herb-powder?_pos=16&_sid=850c5f5b3&_ss=r,1kg,£55.32,£55.32,2025-07-27T18:55:26.347555
NETTLE HERB (WITH STEMS),https://justingredients.co.uk/products/nettle-herb-with-stalks?_pos=17&_sid=850c5f5b3&_ss=r,100g,£4.21,£3.16,2025-07-27T18:55:28.666852
NETTLE HERB (WITH STEMS),https://justingredients.co.uk/products/nettle-herb-with-stalks?_pos=17&_sid=850c5f5b3&_ss=r,250g,£8.21,£8.21,2025-07-27T18:55:28.693863
NETTLE HERB (WITH STEMS),https://justingredients.co.uk/products/nettle-herb-with-stalks?_pos=17&_sid=850c5f5b3&_ss=r,500g,£14.51,£14.51,2025-07-27T18:55:28.718412
WORMWOOD,https://justingredients.co.uk/products/wormwood?_pos=18&_sid=850c5f5b3&_ss=r,100g,£4.48,£3.36,2025-07-27T18:55:31.625617
WORMWOOD,https://justingredients.co.uk/products/wormwood?_pos=18&_sid=850c5f5b3&_ss=r,250g,£8.56,£8.56,2025-07-27T18:55:31.653792
WORMWOOD,https://justingredients.co.uk/products/wormwood?_pos=18&_sid=850c5f5b3&_ss=r,500g,£15.05,£15.05,2025-07-27T18:55:31.684583
WORMWOOD,https://justingredients.co.uk/products/wormwood?_pos=18&_sid=850c5f5b3&_ss=r,1kg,£26.20,£26.20,2025-07-27T18:55:31.714493
ROSEMARY,https://justingredients.co.uk/products/rosemary?_pos=19&_sid=850c5f5b3&_ss=r,100g,£4.15,£3.11,2025-07-27T18:55:36.537371
ROSEMARY,https://justingredients.co.uk/products/rosemary?_pos=19&_sid=850c5f5b3&_ss=r,250g,£4.83,£4.83,2025-07-27T18:55:36.612046
ROSEMARY,https://justingredients.co.uk/products/rosemary?_pos=19&_sid=850c5f5b3&_ss=r,500g,£8.19,£8.19,2025-07-27T18:55:36.636729
ROSEMARY,https://justingredients.co.uk/products/rosemary?_pos=19&_sid=850c5f5b3&_ss=r,1kg,£13.69,£13.69,2025-07-27T18:55:36.662949
CHILLI CON CARNE SPICE BLEND,https://justingredients.co.uk/products/chilli-con-carne?_pos=20&_sid=850c5f5b3&_ss=r,100g,£3.39,£2.54,2025-07-27T18:55:40.416330
CHILLI CON CARNE SPICE BLEND,https://justingredients.co.uk/products/chilli-con-carne?_pos=20&_sid=850c5f5b3&_ss=r,250g,£6.57,£6.57,2025-07-27T18:55:40.440949
CHILLI CON CARNE SPICE BLEND,https://justingredients.co.uk/products/chilli-con-carne?_pos=20&_sid=850c5f5b3&_ss=r,500g,£11.59,£11.59,2025-07-27T18:55:40.471055
CHILLI CON CARNE SPICE BLEND,https://justingredients.co.uk/products/chilli-con-carne?_pos=20&_sid=850c5f5b3&_ss=r,1kg,£20.23,£20.23,2025-07-27T18:55:40.496589
BASIL,https://justingredients.co.uk/products/basil?_pos=21&_sid=850c5f5b3&_ss=r,100g,£4.15,£3.11,2025-07-27T18:55:44.104100
BASIL,https://justingredients.co.uk/products/basil?_pos=21&_sid=850c5f5b3&_ss=r,250g,£4.77,£4.77,2025-07-27T18:55:44.130312
BASIL,https://justingredients.co.uk/products/basil?_pos=21&_sid=850c5f5b3&_ss=r,500g,£8.06,£8.06,2025-07-27T18:55:44.163859
BASIL,https://justingredients.co.uk/products/basil?_pos=21&_sid=850c5f5b3&_ss=r,1kg,£13.47,£13.47,2025-07-27T18:55:44.190809
SAGE,https://justingredients.co.uk/products/sage?_pos=22&_sid=850c5f5b3&_ss=r,100g,£3.06,£2.30,2025-07-27T18:55:47.924170
SAGE,https://justingredients.co.uk/products/sage?_pos=22&_sid=850c5f5b3&_ss=r,250g,£4.27,£4.27,2025-07-27T18:55:47.951051
SAGE,https://justingredients.co.uk/products/sage?_pos=22&_sid=850c5f5b3&_ss=r,500g,£7.42,£7.42,2025-07-27T18:55:47.975739
SAGE,https://justingredients.co.uk/products/sage?_pos=22&_sid=850c5f5b3&_ss=r,1kg,£12.76,£12.76,2025-07-27T18:55:48.000430
OREGANO,https://justingredients.co.uk/products/oregano?_pos=23&_sid=850c5f5b3&_ss=r,100g,£3.60,£2.70,2025-07-27T18:55:51.229885
OREGANO,https://justingredients.co.uk/products/oregano?_pos=23&_sid=850c5f5b3&_ss=r,250g,£7.07,£7.07,2025-07-27T18:55:51.258241
OREGANO,https://justingredients.co.uk/products/oregano?_pos=23&_sid=850c5f5b3&_ss=r,500g,£12.51,£12.51,2025-07-27T18:55:51.286803
OREGANO,https://justingredients.co.uk/products/oregano?_pos=23&_sid=850c5f5b3&_ss=r,1kg,£21.91,£21.91,2025-07-27T18:55:51.310849
MULLEIN LEAVES,https://justingredients.co.uk/products/mullein-leaves?_pos=24&_sid=850c5f5b3&_ss=r,100g,£5.90,£4.43,2025-07-27T18:55:54.627367
MULLEIN LEAVES,https://justingredients.co.uk/products/mullein-leaves?_pos=24&_sid=850c5f5b3&_ss=r,250g,£11.81,£11.81,2025-07-27T18:55:54.654082
MULLEIN LEAVES,https://justingredients.co.uk/products/mullein-leaves?_pos=24&_sid=850c5f5b3&_ss=r,500g,£21.02,£21.02,2025-07-27T18:55:54.679935
MULLEIN LEAVES,https://justingredients.co.uk/products/mullein-leaves?_pos=24&_sid=850c5f5b3&_ss=r,1kg,£37.13,£37.13,2025-07-27T18:55:54.708955
STEVIA,https://justingredients.co.uk/products/stevia?_pos=25&_sid=850c5f5b3&_ss=r,100g,£14.41,£10.81,2025-07-27T18:55:57.518147
STEVIA,https://justingredients.co.uk/products/stevia?_pos=25&_sid=850c5f5b3&_ss=r,250g,£31.07,£31.07,2025-07-27T18:55:57.547123
STEVIA,https://justingredients.co.uk/products/stevia?_pos=25&_sid=850c5f5b3&_ss=r,500g,£56.53,£56.53,2025-07-27T18:55:57.574541
ORGANIC MINT (SPEARMINT),https://justingredients.co.uk/products/organic-mint?_pos=26&_sid=850c5f5b3&_ss=r,100g,£3.62,£2.72,2025-07-27T18:55:59.879971
CHIVE ROLLS,https://justingredients.co.uk/products/chive-rolls?_pos=27&_sid=850c5f5b3&_ss=r,100g,£7.49,£5.62,2025-07-27T18:56:02.232387
CHIVE ROLLS,https://justingredients.co.uk/products/chive-rolls?_pos=27&_sid=850c5f5b3&_ss=r,1kg,£51.25,£51.25,2025-07-27T18:56:02.257900
LOVAGE LEAVES,https://justingredients.co.uk/products/lovage-leaves?_pos=28&_sid=850c5f5b3&_ss=r,100g,£5.73,£4.30,2025-07-27T18:56:04.920944
LOVAGE LEAVES,https://justingredients.co.uk/products/lovage-leaves?_pos=28&_sid=850c5f5b3&_ss=r,250g,£11.65,£11.65,2025-07-27T18:56:04.950167
CHERVIL LEAF,https://justingredients.co.uk/products/chervil-leaf?_pos=29&_sid=850c5f5b3&_ss=r,500g,£26.12,£26.12,2025-07-27T18:56:07.254802
VERVAIN,https://justingredients.co.uk/products/vervain?_pos=30&_sid=850c5f5b3&_ss=r,100g,£6.43,£4.82,2025-07-27T18:56:09.599495
VERVAIN,https://justingredients.co.uk/products/vervain?_pos=30&_sid=850c5f5b3&_ss=r,250g,£12.96,£12.96,2025-07-27T18:56:09.631188
VERVAIN,https://justingredients.co.uk/products/vervain?_pos=30&_sid=850c5f5b3&_ss=r,500g,£23.17,£23.17,2025-07-27T18:56:09.656313
WORMWOOD POWDER,https://justingredients.co.uk/products/wormwood-powder?_pos=31&_sid=850c5f5b3&_ss=r,100g,£9.13,£6.85,2025-07-27T18:56:11.955870
WORMWOOD POWDER,https://justingredients.co.uk/products/wormwood-powder?_pos=31&_sid=850c5f5b3&_ss=r,250g,£19.12,£19.12,2025-07-27T18:56:11.981178
WORMWOOD POWDER,https://justingredients.co.uk/products/wormwood-powder?_pos=31&_sid=850c5f5b3&_ss=r,500g,£34.52,£34.52,2025-07-27T18:56:12.007033
WORMWOOD POWDER,https://justingredients.co.uk/products/wormwood-powder?_pos=31&_sid=850c5f5b3&_ss=r,1kg,£61.84,£61.84,2025-07-27T18:56:12.032020
SAGE GROUND,https://justingredients.co.uk/products/sage-ground?_pos=32&_sid=850c5f5b3&_ss=r,100g,£3.06,£2.30,2025-07-27T18:56:14.500186
SAGE GROUND,https://justingredients.co.uk/products/sage-ground?_pos=32&_sid=850c5f5b3&_ss=r,250g,£4.52,£4.52,2025-07-27T18:56:14.534271
SAGE GROUND,https://justingredients.co.uk/products/sage-ground?_pos=32&_sid=850c5f5b3&_ss=r,500g,£7.86,£7.86,2025-07-27T18:56:14.560755
SAGE GROUND,https://justingredients.co.uk/products/sage-ground?_pos=32&_sid=850c5f5b3&_ss=r,1kg,£13.57,£13.57,2025-07-27T18:56:14.587823
VALERIAN ROOT,https://justingredients.co.uk/products/valerian-root?_pos=33&_sid=850c5f5b3&_ss=r,100g,£7.86,£5.89,2025-07-27T18:56:17.149265
VALERIAN ROOT,https://justingredients.co.uk/products/valerian-root?_pos=33&_sid=850c5f5b3&_ss=r,250g,£16.21,£16.21,2025-07-27T18:56:17.176297
VALERIAN ROOT,https://justingredients.co.uk/products/valerian-root?_pos=33&_sid=850c5f5b3&_ss=r,500g,£29.15,£29.15,2025-07-27T18:56:17.201903
VALERIAN ROOT,https://justingredients.co.uk/products/valerian-root?_pos=33&_sid=850c5f5b3&_ss=r,1kg,£51.98,£51.98,2025-07-27T18:56:17.229142
ROSEMARY GROUND,https://justingredients.co.uk/products/rosemary-ground?_pos=34&_sid=850c5f5b3&_ss=r,100g,£3.06,£2.30,2025-07-27T18:56:19.586359
ROSEMARY GROUND,https://justingredients.co.uk/products/rosemary-ground?_pos=34&_sid=850c5f5b3&_ss=r,250g,£4.86,£4.86,2025-07-27T18:56:19.613484
ROSEMARY GROUND,https://justingredients.co.uk/products/rosemary-ground?_pos=34&_sid=850c5f5b3&_ss=r,500g,£8.49,£8.49,2025-07-27T18:56:19.640885
ROSEMARY GROUND,https://justingredients.co.uk/products/rosemary-ground?_pos=34&_sid=850c5f5b3&_ss=r,1kg,£14.74,£14.74,2025-07-27T18:56:19.665139
BARLEY GRASS POWDER,https://justingredients.co.uk/products/barleygrass-powder?_pos=35&_sid=850c5f5b3&_ss=r,500g,£28.84,£28.84,2025-07-27T18:56:22.045299
SAVOURY,https://justingredients.co.uk/products/savoury?_pos=36&_sid=850c5f5b3&_ss=r,100g,£5.01,£3.76,2025-07-27T18:56:24.595114
SAVOURY,https://justingredients.co.uk/products/savoury?_pos=36&_sid=850c5f5b3&_ss=r,250g,£10.24,£10.24,2025-07-27T18:56:24.621785
SAVOURY,https://justingredients.co.uk/products/savoury?_pos=36&_sid=850c5f5b3&_ss=r,500g,£18.34,£18.34,2025-07-27T18:56:24.649585
SAVOURY,https://justingredients.co.uk/products/savoury?_pos=36&_sid=850c5f5b3&_ss=r,1kg,£32.54,£32.54,2025-07-27T18:56:24.678934
ST. JOHNS WORT,https://justingredients.co.uk/products/st-johns-wort?_pos=37&_sid=850c5f5b3&_ss=r,250g,£20.58,£20.58,2025-07-27T18:56:27.537357
ST. JOHNS WORT,https://justingredients.co.uk/products/st-johns-wort?_pos=37&_sid=850c5f5b3&_ss=r,500g,£37.20,£37.20,2025-07-27T18:56:27.569851
ST. JOHNS WORT,https://justingredients.co.uk/products/st-johns-wort?_pos=37&_sid=850c5f5b3&_ss=r,1kg,£66.72,£66.72,2025-07-27T18:56:27.598388
WHEAT GRASS POWDER,https://justingredients.co.uk/products/wheat-grass-powder?_pos=38&_sid=850c5f5b3&_ss=r,100g,£8.56,£6.42,2025-07-27T18:56:29.881526
STEVIA POWDER,https://justingredients.co.uk/products/stevia-powder?_pos=39&_sid=850c5f5b3&_ss=r,100g,£9.13,£9.13,2025-07-27T18:56:32.194564
STEVIA POWDER,https://justingredients.co.uk/products/stevia-powder?_pos=39&_sid=850c5f5b3&_ss=r,250g,£26.03,£26.03,2025-07-27T18:56:32.220587
STEVIA POWDER,https://justingredients.co.uk/products/stevia-powder?_pos=39&_sid=850c5f5b3&_ss=r,500g,£47.26,£47.26,2025-07-27T18:56:32.245299
STEVIA POWDER,https://justingredients.co.uk/products/stevia-powder?_pos=39&_sid=850c5f5b3&_ss=r,1kg,£85.10,£85.10,2025-07-27T18:56:32.270812
TACO SEASONING,https://justingredients.co.uk/products/taco-seasoning?_pos=40&_sid=850c5f5b3&_ss=r,250g,£6.99,£6.99,2025-07-27T18:56:34.945123
TACO SEASONING,https://justingredients.co.uk/products/taco-seasoning?_pos=40&_sid=850c5f5b3&_ss=r,1kg,£21.64,£21.64,2025-07-27T18:56:34.971404
THYME GROUND,https://justingredients.co.uk/products/thyme-ground?_pos=41&_sid=850c5f5b3&_ss=r,100g,£3.57,£2.68,2025-07-27T18:56:37.315790
THYME GROUND,https://justingredients.co.uk/products/thyme-ground?_pos=41&_sid=850c5f5b3&_ss=r,250g,£7.01,£7.01,2025-07-27T18:56:37.343920
THYME GROUND,https://justingredients.co.uk/products/thyme-ground?_pos=41&_sid=850c5f5b3&_ss=r,500g,£12.52,£12.52,2025-07-27T18:56:37.372675
THYME GROUND,https://justingredients.co.uk/products/thyme-ground?_pos=41&_sid=850c5f5b3&_ss=r,1kg,£22.21,£22.21,2025-07-27T18:56:37.398144
CATNIP,https://justingredients.co.uk/products/catnip?_pos=42&_sid=850c5f5b3&_ss=r,100g,£8.87,£6.65,2025-07-27T18:56:39.736968
CATNIP,https://justingredients.co.uk/products/catnip?_pos=42&_sid=850c5f5b3&_ss=r,250g,£18.53,£18.53,2025-07-27T18:56:39.761371
CATNIP,https://justingredients.co.uk/products/catnip?_pos=42&_sid=850c5f5b3&_ss=r,500g,£33.40,£33.40,2025-07-27T18:56:39.785424
VALERIAN ROOT POWDER,https://justingredients.co.uk/products/valerian-root-powder?_pos=43&_sid=850c5f5b3&_ss=r,1kg,£96.10,£96.10,2025-07-27T18:56:42.169611
THYME,https://justingredients.co.uk/products/thyme?_pos=44&_sid=850c5f5b3&_ss=r,100g,£3.06,£2.30,2025-07-27T18:56:44.559381
THYME,https://justingredients.co.uk/products/thyme?_pos=44&_sid=850c5f5b3&_ss=r,250g,£5.13,£5.13,2025-07-27T18:56:44.583504
THYME,https://justingredients.co.uk/products/thyme?_pos=44&_sid=850c5f5b3&_ss=r,500g,£9.02,£9.02,2025-07-27T18:56:44.609777
THYME,https://justingredients.co.uk/products/thyme?_pos=44&_sid=850c5f5b3&_ss=r,1kg,£15.70,£15.70,2025-07-27T18:56:44.634998
BAYLEAVES CUT,https://justingredients.co.uk/products/bayleaves-cut?_pos=45&_sid=850c5f5b3&_ss=r,100g,£4.42,£3.32,2025-07-27T18:56:46.947260
BAYLEAVES CUT,https://justingredients.co.uk/products/bayleaves-cut?_pos=45&_sid=850c5f5b3&_ss=r,250g,£8.93,£8.93,2025-07-27T18:56:46.971920
BAYLEAVES CUT,https://justingredients.co.uk/products/bayleaves-cut?_pos=45&_sid=850c5f5b3&_ss=r,500g,£15.93,£15.93,2025-07-27T18:56:46.997405
BAYLEAVES CUT,https://justingredients.co.uk/products/bayleaves-cut?_pos=45&_sid=850c5f5b3&_ss=r,1kg,£28.15,£28.15,2025-07-27T18:56:47.023046
ORGANIC THYME GROUND,https://justingredients.co.uk/products/organic-thyme-ground?_pos=46&_sid=850c5f5b3&_ss=r,250g,£11.81,£11.81,2025-07-27T18:56:49.321841
ORGANIC THYME GROUND,https://justingredients.co.uk/products/organic-thyme-ground?_pos=46&_sid=850c5f5b3&_ss=r,500g,£21.16,£21.16,2025-07-27T18:56:49.346523
ORGANIC THYME GROUND,https://justingredients.co.uk/products/organic-thyme-ground?_pos=46&_sid=850c5f5b3&_ss=r,1kg,£37.62,£37.62,2025-07-27T18:56:49.371737
BOLDO LEAVES,https://justingredients.co.uk/products/boldo-leaves?_pos=47&_sid=850c5f5b3&_ss=r,250g,£19.36,£19.36,2025-07-27T18:56:51.771893
BOLDO LEAVES,https://justingredients.co.uk/products/boldo-leaves?_pos=47&_sid=850c5f5b3&_ss=r,500g,£34.92,£34.92,2025-07-27T18:56:51.802992
ASHWAGANDHA ROOT CUT,https://justingredients.co.uk/products/ashwagandha-root-cut?_pos=48&_sid=850c5f5b3&_ss=r,100g,£9.84,£9.84,2025-07-27T18:56:54.255848
ASHWAGANDHA ROOT CUT,https://justingredients.co.uk/products/ashwagandha-root-cut?_pos=48&_sid=850c5f5b3&_ss=r,250g,£28.09,£28.09,2025-07-27T18:56:54.279840
ASHWAGANDHA ROOT CUT,https://justingredients.co.uk/products/ashwagandha-root-cut?_pos=48&_sid=850c5f5b3&_ss=r,500g,£51.07,£51.07,2025-07-27T18:56:54.306097
ASHWAGANDHA ROOT CUT,https://justingredients.co.uk/products/ashwagandha-root-cut?_pos=48&_sid=850c5f5b3&_ss=r,1kg,£92.10,£92.10,2025-07-27T18:56:54.334763
BALTI CURRY POWDER,https://justingredients.co.uk/products/balti-curry-powder?_pos=49&_sid=850c5f5b3&_ss=r,100g,£4.12,£3.09,2025-07-27T18:56:56.743378
BALTI CURRY POWDER,https://justingredients.co.uk/products/balti-curry-powder?_pos=49&_sid=850c5f5b3&_ss=r,250g,£8.26,£8.26,2025-07-27T18:56:56.767696
BALTI CURRY POWDER,https://justingredients.co.uk/products/balti-curry-powder?_pos=49&_sid=850c5f5b3&_ss=r,500g,£14.69,£14.69,2025-07-27T18:56:56.791779
MARSHMALLOW LEAVES,https://justingredients.co.uk/products/marshmallow-leaves?_pos=50&_sid=850c5f5b3&_ss=r,100g,£5.38,£4.04,2025-07-27T18:56:59.346172
MARSHMALLOW LEAVES,https://justingredients.co.uk/products/marshmallow-leaves?_pos=50&_sid=850c5f5b3&_ss=r,250g,£10.86,£10.86,2025-07-27T18:56:59.373498
CHIVES,https://justingredients.co.uk/products/chives?_pos=51&_sid=850c5f5b3&_ss=r,100g,£6.04,£4.53,2025-07-27T18:57:01.777197
CHIVES,https://justingredients.co.uk/products/chives?_pos=51&_sid=850c5f5b3&_ss=r,250g,£12.57,£12.57,2025-07-27T18:57:01.803641
CHIVES,https://justingredients.co.uk/products/chives?_pos=51&_sid=850c5f5b3&_ss=r,500g,£22.59,£22.59,2025-07-27T18:57:01.829266
CHIVES,https://justingredients.co.uk/products/chives?_pos=51&_sid=850c5f5b3&_ss=r,1kg,£40.31,£40.31,2025-07-27T18:57:01.854075
ASHWAGANDHA ROOT POWDER,https://justingredients.co.uk/products/ashwagandha-root-powder?_pos=52&_sid=850c5f5b3&_ss=r,100g,£16.13,£12.10,2025-07-27T18:57:04.156543
ASHWAGANDHA ROOT POWDER,https://justingredients.co.uk/products/ashwagandha-root-powder?_pos=52&_sid=850c5f5b3&_ss=r,250g,£34.69,£34.69,2025-07-27T18:57:04.183623
ASHWAGANDHA ROOT POWDER,https://justingredients.co.uk/products/ashwagandha-root-powder?_pos=52&_sid=850c5f5b3&_ss=r,500g,£63.13,£63.13,2025-07-27T18:57:04.212272
ASHWAGANDHA ROOT POWDER,https://justingredients.co.uk/products/ashwagandha-root-powder?_pos=52&_sid=850c5f5b3&_ss=r,1kg,£113.93,£113.93,2025-07-27T18:57:04.250018
GROUND BAYLEAVES,https://justingredients.co.uk/products/ground-bayleaves?_pos=53&_sid=850c5f5b3&_ss=r,100g,£4.33,£3.25,2025-07-27T18:57:06.565766
GROUND BAYLEAVES,https://justingredients.co.uk/products/ground-bayleaves?_pos=53&_sid=850c5f5b3&_ss=r,250g,£8.72,£8.72,2025-07-27T18:57:06.594008
GROUND BAYLEAVES,https://justingredients.co.uk/products/ground-bayleaves?_pos=53&_sid=850c5f5b3&_ss=r,1kg,£27.45,£27.45,2025-07-27T18:57:06.624364
DAMIANA,https://justingredients.co.uk/products/damiana?_pos=54&_sid=850c5f5b3&_ss=r,100g,£8.22,£8.22,2025-07-27T18:57:08.941064
DAMIANA,https://justingredients.co.uk/products/damiana?_pos=54&_sid=850c5f5b3&_ss=r,250g,£23.24,£23.24,2025-07-27T18:57:08.964775
HORSETAIL,https://justingredients.co.uk/products/horsetail?_pos=55&_sid=850c5f5b3&_ss=r,100g,£8.18,£8.18,2025-07-27T18:57:11.263015
HORSETAIL,https://justingredients.co.uk/products/horsetail?_pos=55&_sid=850c5f5b3&_ss=r,250g,£23.12,£23.12,2025-07-27T18:57:11.287545
CHICKWEED,https://justingredients.co.uk/products/chickweed?_pos=56&_sid=850c5f5b3&_ss=r,100g,£7.91,£5.93,2025-07-27T18:57:13.594931
CHICKWEED,https://justingredients.co.uk/products/chickweed?_pos=56&_sid=850c5f5b3&_ss=r,250g,£16.36,£16.36,2025-07-27T18:57:13.618871
CHICKWEED,https://justingredients.co.uk/products/chickweed?_pos=56&_sid=850c5f5b3&_ss=r,500g,£29.45,£29.45,2025-07-27T18:57:13.644265
CHICKWEED,https://justingredients.co.uk/products/chickweed?_pos=56&_sid=850c5f5b3&_ss=r,1kg,£52.54,£52.54,2025-07-27T18:57:13.669961
LEMON BALM (MELISSA),https://justingredients.co.uk/products/lemon-balm-melissa?_pos=57&_sid=850c5f5b3&_ss=r,100g,£7.11,£5.33,2025-07-27T18:57:16.152064
LEMON BALM (MELISSA),https://justingredients.co.uk/products/lemon-balm-melissa?_pos=57&_sid=850c5f5b3&_ss=r,250g,£14.79,£14.79,2025-07-27T18:57:16.185341
LEMON BALM (MELISSA),https://justingredients.co.uk/products/lemon-balm-melissa?_pos=57&_sid=850c5f5b3&_ss=r,500g,£26.66,£26.66,2025-07-27T18:57:16.211844
LEMON BALM (MELISSA),https://justingredients.co.uk/products/lemon-balm-melissa?_pos=57&_sid=850c5f5b3&_ss=r,1kg,£47.67,£47.67,2025-07-27T18:57:16.237520
ARROWROOT,https://justingredients.co.uk/products/arrowroot?_pos=58&_sid=850c5f5b3&_ss=r,100g,£4.53,£3.40,2025-07-27T18:57:18.528917
ARROWROOT,https://justingredients.co.uk/products/arrowroot?_pos=58&_sid=850c5f5b3&_ss=r,250g,£4.85,£4.85,2025-07-27T18:57:18.553747
ARROWROOT,https://justingredients.co.uk/products/arrowroot?_pos=58&_sid=850c5f5b3&_ss=r,500g,£6.53,£6.53,2025-07-27T18:57:18.579350
ARROWROOT,https://justingredients.co.uk/products/arrowroot?_pos=58&_sid=850c5f5b3&_ss=r,1kg,£10.55,£10.55,2025-07-27T18:57:18.607283
MEAT RUB,https://justingredients.co.uk/products/meat-rub?_pos=59&_sid=850c5f5b3&_ss=r,100g,£3.54,£2.66,2025-07-27T18:57:20.921110
MEAT RUB,https://justingredients.co.uk/products/meat-rub?_pos=59&_sid=850c5f5b3&_ss=r,250g,£6.95,£6.95,2025-07-27T18:57:20.948640
ORGANIC CHIVES,https://justingredients.co.uk/products/organic-chives?_pos=60&_sid=850c5f5b3&_ss=r,100g,£9.80,£7.35,2025-07-27T18:57:23.239873
ORGANIC CHIVES,https://justingredients.co.uk/products/organic-chives?_pos=60&_sid=850c5f5b3&_ss=r,250g,£20.99,£20.99,2025-07-27T18:57:23.266069
ORGANIC CHIVES,https://justingredients.co.uk/products/organic-chives?_pos=60&_sid=850c5f5b3&_ss=r,1kg,£68.33,£68.33,2025-07-27T18:57:23.295638
LOVAGE ROOT,https://justingredients.co.uk/products/lovage-root?_pos=61&_sid=850c5f5b3&_ss=r,250g,£17.75,£17.75,2025-07-27T18:57:25.579837
LOVAGE ROOT,https://justingredients.co.uk/products/lovage-root?_pos=61&_sid=850c5f5b3&_ss=r,500g,£31.99,£31.99,2025-07-27T18:57:25.605731
LOVAGE ROOT,https://justingredients.co.uk/products/lovage-root?_pos=61&_sid=850c5f5b3&_ss=r,1kg,£57.20,£57.20,2025-07-27T18:57:25.629305
GELATINE CAPSULES SIZE 00,https://justingredients.co.uk/products/gelatine-capsules-00g?_pos=62&_sid=850c5f5b3&_ss=r,1000,£19.43,£19.43,2025-07-27T18:57:27.925701
MINT (SPEARMINT),https://justingredients.co.uk/products/mint?_pos=63&_sid=850c5f5b3&_ss=r,100g,£4.15,£3.11,2025-07-27T18:57:30.266319
MINT (SPEARMINT),https://justingredients.co.uk/products/mint?_pos=63&_sid=850c5f5b3&_ss=r,250g,£5.51,£5.51,2025-07-27T18:57:30.292083
MINT (SPEARMINT),https://justingredients.co.uk/products/mint?_pos=63&_sid=850c5f5b3&_ss=r,500g,£9.45,£9.45,2025-07-27T18:57:30.316286
MINT (SPEARMINT),https://justingredients.co.uk/products/mint?_pos=63&_sid=850c5f5b3&_ss=r,1kg,£16.02,£16.02,2025-07-27T18:57:30.343984
AGNUS CASTUS POWDER,https://justingredients.co.uk/products/agnus-castus-powder?_pos=64&_sid=850c5f5b3&_ss=r,100g,£5.05,£3.79,2025-07-27T18:57:32.680890
AGNUS CASTUS POWDER,https://justingredients.co.uk/products/agnus-castus-powder?_pos=64&_sid=850c5f5b3&_ss=r,250g,£9.88,£9.88,2025-07-27T18:57:32.707624
AGNUS CASTUS POWDER,https://justingredients.co.uk/products/agnus-castus-powder?_pos=64&_sid=850c5f5b3&_ss=r,500g,£17.48,£17.48,2025-07-27T18:57:32.732262
AGNUS CASTUS POWDER,https://justingredients.co.uk/products/agnus-castus-powder?_pos=64&_sid=850c5f5b3&_ss=r,1kg,£30.67,£30.67,2025-07-27T18:57:32.757711
CITRONELLA ESSENTIAL OIL,https://justingredients.co.uk/products/citronella-oil?_pos=65&_sid=850c5f5b3&_ss=r,10ml,£3.70,£3.70,2025-07-27T18:57:35.023025
ANGELICA ROOT CUT,https://justingredients.co.uk/products/angelica-root-cut?_pos=66&_sid=850c5f5b3&_ss=r,100g,£8.90,£8.90,2025-07-27T18:57:37.315482
ANGELICA ROOT CUT,https://justingredients.co.uk/products/angelica-root-cut?_pos=66&_sid=850c5f5b3&_ss=r,250g,£25.32,£25.32,2025-07-27T18:57:37.346724
ANGELICA ROOT CUT,https://justingredients.co.uk/products/angelica-root-cut?_pos=66&_sid=850c5f5b3&_ss=r,500g,£45.91,£45.91,2025-07-27T18:57:37.372624
ANGELICA ROOT CUT,https://justingredients.co.uk/products/angelica-root-cut?_pos=66&_sid=850c5f5b3&_ss=r,1kg,£82.67,£82.67,2025-07-27T18:57:37.399588
SENNA PODS,https://justingredients.co.uk/products/senna-pods?_pos=67&_sid=850c5f5b3&_ss=r,100g,£5.22,£3.91,2025-07-27T18:57:39.748946
SENNA PODS,https://justingredients.co.uk/products/senna-pods?_pos=67&_sid=850c5f5b3&_ss=r,250g,£7.51,£7.51,2025-07-27T18:57:39.776093
SENNA PODS,https://justingredients.co.uk/products/senna-pods?_pos=67&_sid=850c5f5b3&_ss=r,500g,£13.10,£13.10,2025-07-27T18:57:39.801314
SENNA PODS,https://justingredients.co.uk/products/senna-pods?_pos=67&_sid=850c5f5b3&_ss=r,1kg,£22.66,£22.66,2025-07-27T18:57:39.827677
DANDELION ROOT,https://justingredients.co.uk/products/dandelion-root?_pos=68&_sid=850c5f5b3&_ss=r,100g,£6.37,£4.78,2025-07-27T18:57:42.520589
DANDELION ROOT,https://justingredients.co.uk/products/dandelion-root?_pos=68&_sid=850c5f5b3&_ss=r,250g,£12.85,£12.85,2025-07-27T18:57:42.545432
DANDELION ROOT,https://justingredients.co.uk/products/dandelion-root?_pos=68&_sid=850c5f5b3&_ss=r,500g,£22.96,£22.96,2025-07-27T18:57:42.571094
DANDELION ROOT,https://justingredients.co.uk/products/dandelion-root?_pos=68&_sid=850c5f5b3&_ss=r,1kg,£40.66,£40.66,2025-07-27T18:57:42.596964
BURDOCK ROOT,https://justingredients.co.uk/products/burdock-root?_pos=69&_sid=850c5f5b3&_ss=r,100g,£4.76,£3.58,2025-07-27T18:57:44.927849
BURDOCK ROOT,https://justingredients.co.uk/products/burdock-root?_pos=69&_sid=850c5f5b3&_ss=r,250g,£9.22,£9.22,2025-07-27T18:57:44.954070
BURDOCK ROOT,https://justingredients.co.uk/products/burdock-root?_pos=69&_sid=850c5f5b3&_ss=r,500g,£16.26,£16.26,2025-07-27T18:57:44.981270
BURDOCK ROOT,https://justingredients.co.uk/products/burdock-root?_pos=69&_sid=850c5f5b3&_ss=r,1kg,£28.44,£28.44,2025-07-27T18:57:45.007928
HIBISCUS FLOWERS WHOLE,https://justingredients.co.uk/products/hibiscus-flowers-whole?_pos=70&_sid=850c5f5b3&_ss=r,100g,£3.78,£2.84,2025-07-27T18:57:47.364456
HIBISCUS FLOWERS WHOLE,https://justingredients.co.uk/products/hibiscus-flowers-whole?_pos=70&_sid=850c5f5b3&_ss=r,250g,£7.23,£7.23,2025-07-27T18:57:47.388903
HIBISCUS FLOWERS WHOLE,https://justingredients.co.uk/products/hibiscus-flowers-whole?_pos=70&_sid=850c5f5b3&_ss=r,500g,£12.83,£12.83,2025-07-27T18:57:47.412446
HIBISCUS FLOWERS WHOLE,https://justingredients.co.uk/products/hibiscus-flowers-whole?_pos=70&_sid=850c5f5b3&_ss=r,1kg,£22.62,£22.62,2025-07-27T18:57:47.436645
MOUNTAIN ASH BERRIES (ROWAN),https://justingredients.co.uk/products/mountain-ash-berries-rowan?_pos=71&_sid=850c5f5b3&_ss=r,100g,£6.43,£4.82,2025-07-27T18:57:49.729772
MOUNTAIN ASH BERRIES (ROWAN),https://justingredients.co.uk/products/mountain-ash-berries-rowan?_pos=71&_sid=850c5f5b3&_ss=r,250g,£12.96,£12.96,2025-07-27T18:57:49.755331
MOUNTAIN ASH BERRIES (ROWAN),https://justingredients.co.uk/products/mountain-ash-berries-rowan?_pos=71&_sid=850c5f5b3&_ss=r,1kg,£41.05,£41.05,2025-07-27T18:57:49.781994
RED CLOVER FLOWERS,https://justingredients.co.uk/products/red-clover-flowers?_pos=72&_sid=850c5f5b3&_ss=r,100g,£9.37,£9.37,2025-07-27T18:57:52.230901
RED CLOVER FLOWERS,https://justingredients.co.uk/products/red-clover-flowers?_pos=72&_sid=850c5f5b3&_ss=r,250g,£26.72,£26.72,2025-07-27T18:57:52.256441
RED CLOVER FLOWERS,https://justingredients.co.uk/products/red-clover-flowers?_pos=72&_sid=850c5f5b3&_ss=r,500g,£48.54,£48.54,2025-07-27T18:57:52.280143
FENUGREEK GROUND,https://justingredients.co.uk/products/fenugreek-ground?_pos=73&_sid=850c5f5b3&_ss=r,100g,£3.52,£2.64,2025-07-27T18:57:54.590691
FENUGREEK GROUND,https://justingredients.co.uk/products/fenugreek-ground?_pos=73&_sid=850c5f5b3&_ss=r,250g,£5.15,£5.15,2025-07-27T18:57:54.615941
FENUGREEK GROUND,https://justingredients.co.uk/products/fenugreek-ground?_pos=73&_sid=850c5f5b3&_ss=r,500g,£8.99,£8.99,2025-07-27T18:57:54.641050
FENUGREEK GROUND,https://justingredients.co.uk/products/fenugreek-ground?_pos=73&_sid=850c5f5b3&_ss=r,1kg,£15.50,£15.50,2025-07-27T18:57:54.665721
LEMON VERBENA,https://justingredients.co.uk/products/lemon-verbena?_pos=74&_sid=850c5f5b3&_ss=r,100g,£5.75,£4.31,2025-07-27T18:57:57.000717
LEMON VERBENA,https://justingredients.co.uk/products/lemon-verbena?_pos=74&_sid=850c5f5b3&_ss=r,250g,£11.71,£11.71,2025-07-27T18:57:57.026060
LEMON VERBENA,https://justingredients.co.uk/products/lemon-verbena?_pos=74&_sid=850c5f5b3&_ss=r,500g,£20.97,£20.97,2025-07-27T18:57:57.050511
NEEM LEAVES,https://justingredients.co.uk/products/neem-leaves?_pos=75&_sid=850c5f5b3&_ss=r,100g,£6.11,£4.58,2025-07-27T18:57:59.364800
NEEM LEAVES,https://justingredients.co.uk/products/neem-leaves?_pos=75&_sid=850c5f5b3&_ss=r,250g,£12.01,£12.01,2025-07-27T18:57:59.392498
NEEM LEAVES,https://justingredients.co.uk/products/neem-leaves?_pos=75&_sid=850c5f5b3&_ss=r,500g,£21.30,£21.30,2025-07-27T18:57:59.417210
NEEM LEAVES,https://justingredients.co.uk/products/neem-leaves?_pos=75&_sid=850c5f5b3&_ss=r,1kg,£37.46,£37.46,2025-07-27T18:57:59.442698
HAWTHORN BERRIES,https://justingredients.co.uk/products/hawthorn-berries?_pos=76&_sid=850c5f5b3&_ss=r,100g,£4.90,£3.67,2025-07-27T18:58:01.760028
HAWTHORN BERRIES,https://justingredients.co.uk/products/hawthorn-berries?_pos=76&_sid=850c5f5b3&_ss=r,250g,£9.48,£9.48,2025-07-27T18:58:01.786287
HAWTHORN BERRIES,https://justingredients.co.uk/products/hawthorn-berries?_pos=76&_sid=850c5f5b3&_ss=r,500g,£16.74,£16.74,2025-07-27T18:58:01.813253
HAWTHORN BERRIES,https://justingredients.co.uk/products/hawthorn-berries?_pos=76&_sid=850c5f5b3&_ss=r,1kg,£29.32,£29.32,2025-07-27T18:58:01.837723
MARJORAM,https://justingredients.co.uk/products/marjoram?_pos=77&_sid=850c5f5b3&_ss=r,100g,£3.06,£2.30,2025-07-27T18:58:04.163454
MARJORAM,https://justingredients.co.uk/products/marjoram?_pos=77&_sid=850c5f5b3&_ss=r,250g,£4.33,£4.33,2025-07-27T18:58:04.187984
MARJORAM,https://justingredients.co.uk/products/marjoram?_pos=77&_sid=850c5f5b3&_ss=r,500g,£7.54,£7.54,2025-07-27T18:58:04.211935
MARJORAM,https://justingredients.co.uk/products/marjoram?_pos=77&_sid=850c5f5b3&_ss=r,1kg,£12.97,£12.97,2025-07-27T18:58:04.237406
NETTLE LEAVES,https://justingredients.co.uk/products/nettle-leaves?_pos=78&_sid=850c5f5b3&_ss=r,100g,£6.12,£4.59,2025-07-27T18:58:06.559699
NETTLE LEAVES,https://justingredients.co.uk/products/nettle-leaves?_pos=78&_sid=850c5f5b3&_ss=r,250g,£12.53,£12.53,2025-07-27T18:58:06.584879
NETTLE LEAVES,https://justingredients.co.uk/products/nettle-leaves?_pos=78&_sid=850c5f5b3&_ss=r,500g,£22.49,£22.49,2025-07-27T18:58:06.608399
NETTLE LEAVES,https://justingredients.co.uk/products/nettle-leaves?_pos=78&_sid=850c5f5b3&_ss=r,1kg,£40.04,£40.04,2025-07-27T18:58:06.634195
RED SAGE,https://justingredients.co.uk/products/red-sage?_pos=79&_sid=850c5f5b3&_ss=r,100g,£4.42,£3.32,2025-07-27T18:58:08.967131
RED SAGE,https://justingredients.co.uk/products/red-sage?_pos=79&_sid=850c5f5b3&_ss=r,250g,£8.93,£8.93,2025-07-27T18:58:08.995827
RED SAGE,https://justingredients.co.uk/products/red-sage?_pos=79&_sid=850c5f5b3&_ss=r,1kg,£28.15,£28.15,2025-07-27T18:58:09.020569
LEMON GRASS,https://justingredients.co.uk/products/lemon-grass?_pos=80&_sid=850c5f5b3&_ss=r,100g,£4.10,£3.08,2025-07-27T18:58:11.344954
LEMON GRASS,https://justingredients.co.uk/products/lemon-grass?_pos=80&_sid=850c5f5b3&_ss=r,250g,£7.96,£7.96,2025-07-27T18:58:11.370381
LEMON GRASS,https://justingredients.co.uk/products/lemon-grass?_pos=80&_sid=850c5f5b3&_ss=r,500g,£14.04,£14.04,2025-07-27T18:58:11.393784
LEMON GRASS,https://justingredients.co.uk/products/lemon-grass?_pos=80&_sid=850c5f5b3&_ss=r,1kg,£24.60,£24.60,2025-07-27T18:58:11.421049
RASPBERRY LEAVES (CLEANED),https://justingredients.co.uk/products/raspberry-leaves-cleaned?_pos=81&_sid=850c5f5b3&_ss=r,100g,£6.05,£4.54,2025-07-27T18:58:13.762427
RASPBERRY LEAVES (CLEANED),https://justingredients.co.uk/products/raspberry-leaves-cleaned?_pos=81&_sid=850c5f5b3&_ss=r,250g,£12.37,£12.37,2025-07-27T18:58:13.788297
RASPBERRY LEAVES (CLEANED),https://justingredients.co.uk/products/raspberry-leaves-cleaned?_pos=81&_sid=850c5f5b3&_ss=r,500g,£22.21,£22.21,2025-07-27T18:58:13.812252
RASPBERRY LEAVES (CLEANED),https://justingredients.co.uk/products/raspberry-leaves-cleaned?_pos=81&_sid=850c5f5b3&_ss=r,1kg,£39.53,£39.53,2025-07-27T18:58:13.838894
PEPPERMINT,https://justingredients.co.uk/products/peppermint?_pos=82&_sid=850c5f5b3&_ss=r,100g,£4.66,£3.50,2025-07-27T18:58:16.172648
PEPPERMINT,https://justingredients.co.uk/products/peppermint?_pos=82&_sid=850c5f5b3&_ss=r,250g,£9.27,£9.27,2025-07-27T18:58:16.197180
PEPPERMINT,https://justingredients.co.uk/products/peppermint?_pos=82&_sid=850c5f5b3&_ss=r,500g,£16.47,£16.47,2025-07-27T18:58:16.222779
PEPPERMINT,https://justingredients.co.uk/products/peppermint?_pos=82&_sid=850c5f5b3&_ss=r,1kg,£29.02,£29.02,2025-07-27T18:58:16.247484
OAK BARK,https://justingredients.co.uk/products/oak-bark?_pos=83&_sid=850c5f5b3&_ss=r,250g,£8.56,£8.56,2025-07-27T18:58:18.540097
OAK BARK,https://justingredients.co.uk/products/oak-bark?_pos=83&_sid=850c5f5b3&_ss=r,500g,£15.05,£15.05,2025-07-27T18:58:18.565361
FENNEL GROUND,https://justingredients.co.uk/products/fennel-ground?_pos=84&_sid=850c5f5b3&_ss=r,100g,£4.78,£3.59,2025-07-27T18:58:20.941281
FENNEL GROUND,https://justingredients.co.uk/products/fennel-ground?_pos=84&_sid=850c5f5b3&_ss=r,250g,£5.52,£5.52,2025-07-27T18:58:20.966941
FENNEL GROUND,https://justingredients.co.uk/products/fennel-ground?_pos=84&_sid=850c5f5b3&_ss=r,500g,£9.39,£9.39,2025-07-27T18:58:20.993733
FENNEL GROUND,https://justingredients.co.uk/products/fennel-ground?_pos=84&_sid=850c5f5b3&_ss=r,1kg,£15.69,£15.69,2025-07-27T18:58:21.018374
AGRIMONY,https://justingredients.co.uk/products/agrimony?_pos=85&_sid=850c5f5b3&_ss=r,100g,£5.34,£4.01,2025-07-27T18:58:23.360855
AGRIMONY,https://justingredients.co.uk/products/agrimony?_pos=85&_sid=850c5f5b3&_ss=r,250g,£10.49,£10.49,2025-07-27T18:58:23.385906
AGRIMONY,https://justingredients.co.uk/products/agrimony?_pos=85&_sid=850c5f5b3&_ss=r,500g,£18.61,£18.61,2025-07-27T18:58:23.410267
AGRIMONY,https://justingredients.co.uk/products/agrimony?_pos=85&_sid=850c5f5b3&_ss=r,1kg,£32.71,£32.71,2025-07-27T18:58:23.435353
SARSAPARILLA,https://justingredients.co.uk/products/sarsaparilla?_pos=86&_sid=850c5f5b3&_ss=r,250g,£33.42,£33.42,2025-07-27T18:58:25.735720
SARSAPARILLA,https://justingredients.co.uk/products/sarsaparilla?_pos=86&_sid=850c5f5b3&_ss=r,500g,£60.73,£60.73,2025-07-27T18:58:25.760214
SARSAPARILLA,https://justingredients.co.uk/products/sarsaparilla?_pos=86&_sid=850c5f5b3&_ss=r,1kg,£109.57,£109.57,2025-07-27T18:58:25.787330
MARSHMALLOW ROOT,https://justingredients.co.uk/products/marshmallow-root?_pos=87&_sid=850c5f5b3&_ss=r,100g,£7.91,£5.93,2025-07-27T18:58:28.133758
MARSHMALLOW ROOT,https://justingredients.co.uk/products/marshmallow-root?_pos=87&_sid=850c5f5b3&_ss=r,250g,£16.36,£16.36,2025-07-27T18:58:28.160122
MEADOWSWEET,https://justingredients.co.uk/products/meadowsweet?_pos=88&_sid=850c5f5b3&_ss=r,100g,£5.26,£3.95,2025-07-27T18:58:30.610658
MEADOWSWEET,https://justingredients.co.uk/products/meadowsweet?_pos=88&_sid=850c5f5b3&_ss=r,500g,£18.35,£18.35,2025-07-27T18:58:30.637343
MEADOWSWEET,https://justingredients.co.uk/products/meadowsweet?_pos=88&_sid=850c5f5b3&_ss=r,1kg,£32.23,£32.23,2025-07-27T18:58:30.663212
WILD THYME,https://justingredients.co.uk/products/wild-thyme?_pos=89&_sid=850c5f5b3&_ss=r,250g,£17.06,£17.06,2025-07-27T18:58:33.959629
WILD THYME,https://justingredients.co.uk/products/wild-thyme?_pos=89&_sid=850c5f5b3&_ss=r,500g,£30.73,£30.73,2025-07-27T18:58:33.985539
GINSENG -SIBERIAN,https://justingredients.co.uk/products/ginseng-siberian?_pos=90&_sid=850c5f5b3&_ss=r,100g,£7.44,£5.58,2025-07-27T18:58:36.445048
GINSENG -SIBERIAN,https://justingredients.co.uk/products/ginseng-siberian?_pos=90&_sid=850c5f5b3&_ss=r,250g,£15.28,£15.28,2025-07-27T18:58:36.476442
GINSENG -SIBERIAN,https://justingredients.co.uk/products/ginseng-siberian?_pos=90&_sid=850c5f5b3&_ss=r,500g,£27.43,£27.43,2025-07-27T18:58:36.501164
GINSENG -SIBERIAN,https://justingredients.co.uk/products/ginseng-siberian?_pos=90&_sid=850c5f5b3&_ss=r,1kg,£48.86,£48.86,2025-07-27T18:58:36.527403
GINKGO BILOBA (MAIDENHAIR),https://justingredients.co.uk/products/ginkgo-biloba-maidenhair?_pos=91&_sid=850c5f5b3&_ss=r,100g,£6.61,£4.96,2025-07-27T18:58:38.837899
GINKGO BILOBA (MAIDENHAIR),https://justingredients.co.uk/products/ginkgo-biloba-maidenhair?_pos=91&_sid=850c5f5b3&_ss=r,250g,£13.42,£13.42,2025-07-27T18:58:38.864698
EYEBRIGHT,https://justingredients.co.uk/products/eyebright?_pos=92&_sid=850c5f5b3&_ss=r,100g,£19.96,£14.96,2025-07-27T18:58:41.195139
EYEBRIGHT,https://justingredients.co.uk/products/eyebright?_pos=92&_sid=850c5f5b3&_ss=r,250g,£43.66,£43.66,2025-07-27T18:58:41.220069
EYEBRIGHT,https://justingredients.co.uk/products/eyebright?_pos=92&_sid=850c5f5b3&_ss=r,500g,£79.70,£79.70,2025-07-27T18:58:41.245020
EYEBRIGHT,https://justingredients.co.uk/products/eyebright?_pos=92&_sid=850c5f5b3&_ss=r,1kg,£144.48,£144.48,2025-07-27T18:58:41.269791
EUCALYPTUS LEAVES CUT,https://justingredients.co.uk/products/eucalyptus-leaves?_pos=93&_sid=850c5f5b3&_ss=r,100g,£5.99,£4.49,2025-07-27T18:58:43.664771
EUCALYPTUS LEAVES CUT,https://justingredients.co.uk/products/eucalyptus-leaves?_pos=93&_sid=850c5f5b3&_ss=r,250g,£11.95,£11.95,2025-07-27T18:58:43.689955
EUCALYPTUS LEAVES CUT,https://justingredients.co.uk/products/eucalyptus-leaves?_pos=93&_sid=850c5f5b3&_ss=r,500g,£21.30,£21.30,2025-07-27T18:58:43.718386
EUCALYPTUS LEAVES CUT,https://justingredients.co.uk/products/eucalyptus-leaves?_pos=93&_sid=850c5f5b3&_ss=r,1kg,£37.66,£37.66,2025-07-27T18:58:43.742698
CHAMOMILE FLOWERS ROMAN,https://justingredients.co.uk/products/chamomile-flowers-roman?_pos=94&_sid=850c5f5b3&_ss=r,100g,£39.32,£29.50,2025-07-27T18:58:46.035023
CHAMOMILE FLOWERS ROMAN,https://justingredients.co.uk/products/chamomile-flowers-roman?_pos=94&_sid=850c5f5b3&_ss=r,250g,£87.47,£87.47,2025-07-27T18:58:46.059208
AGNUS CASTUS BERRIES,https://justingredients.co.uk/products/agnus-castus-berries?_pos=95&_sid=850c5f5b3&_ss=r,100g,£4.54,£3.41,2025-07-27T18:58:48.388094
AGNUS CASTUS BERRIES,https://justingredients.co.uk/products/agnus-castus-berries?_pos=95&_sid=850c5f5b3&_ss=r,250g,£7.19,£7.19,2025-07-27T18:58:48.414124
AGNUS CASTUS BERRIES,https://justingredients.co.uk/products/agnus-castus-berries?_pos=95&_sid=850c5f5b3&_ss=r,500g,£12.62,£12.62,2025-07-27T18:58:48.437998
AGNUS CASTUS BERRIES,https://justingredients.co.uk/products/agnus-castus-berries?_pos=95&_sid=850c5f5b3&_ss=r,1kg,£21.95,£21.95,2025-07-27T18:58:48.464082
COLTSFOOT LEAVES,https://justingredients.co.uk/products/coltsfoot-leaves?_pos=96&_sid=850c5f5b3&_ss=r,100g,£6.82,£5.11,2025-07-27T18:58:50.749156
COLTSFOOT LEAVES,https://justingredients.co.uk/products/coltsfoot-leaves?_pos=96&_sid=850c5f5b3&_ss=r,500g,£24.86,£24.86,2025-07-27T18:58:50.780212
COMFREY ROOT,https://justingredients.co.uk/products/comfrey-root?_pos=97&_sid=850c5f5b3&_ss=r,100g,£8.10,£8.10,2025-07-27T18:58:53.276223
COMFREY ROOT,https://justingredients.co.uk/products/comfrey-root?_pos=97&_sid=850c5f5b3&_ss=r,250g,£22.86,£22.86,2025-07-27T18:58:53.302264
NETTLE ROOT,https://justingredients.co.uk/products/nettle-root?_pos=98&_sid=850c5f5b3&_ss=r,100g,£9.08,£6.82,2025-07-27T18:58:55.631521
NETTLE ROOT,https://justingredients.co.uk/products/nettle-root?_pos=98&_sid=850c5f5b3&_ss=r,1kg,£61.42,£61.42,2025-07-27T18:58:55.660159
CINCHONA BARK,https://justingredients.co.uk/products/cinchona-bark?_pos=99&_sid=850c5f5b3&_ss=r,100g,£9.91,£7.44,2025-07-27T18:58:57.960739
CINCHONA BARK,https://justingredients.co.uk/products/cinchona-bark?_pos=99&_sid=850c5f5b3&_ss=r,250g,£20.86,£20.86,2025-07-27T18:58:57.989955
CINCHONA BARK,https://justingredients.co.uk/products/cinchona-bark?_pos=99&_sid=850c5f5b3&_ss=r,500g,£37.72,£37.72,2025-07-27T18:58:58.021701
CINCHONA BARK,https://justingredients.co.uk/products/cinchona-bark?_pos=99&_sid=850c5f5b3&_ss=r,1kg,£67.67,£67.67,2025-07-27T18:58:58.051522
BLACKBERRY LEAVES,https://justingredients.co.uk/products/blackberry-leaves?_pos=100&_sid=850c5f5b3&_ss=r,100g,£6.71,£5.03,2025-07-27T18:59:01.224903
BLACKBERRY LEAVES,https://justingredients.co.uk/products/blackberry-leaves?_pos=100&_sid=850c5f5b3&_ss=r,250g,£13.64,£13.64,2025-07-27T18:59:01.252984
BLACKBERRY LEAVES,https://justingredients.co.uk/products/blackberry-leaves?_pos=100&_sid=850c5f5b3&_ss=r,500g,£24.43,£24.43,2025-07-27T18:59:01.279329
BLACKBERRY LEAVES,https://justingredients.co.uk/products/blackberry-leaves?_pos=100&_sid=850c5f5b3&_ss=r,1kg,£43.36,£43.36,2025-07-27T18:59:01.304102
WITCH HAZEL LEAVES,https://justingredients.co.uk/products/witchhazel-leaves?_pos=101&_sid=850c5f5b3&_ss=r,100g,£9.16,£9.16,2025-07-27T18:59:04.230421
WITCH HAZEL LEAVES,https://justingredients.co.uk/products/witchhazel-leaves?_pos=101&_sid=850c5f5b3&_ss=r,250g,£26.05,£26.05,2025-07-27T18:59:04.260016
GENTIAN ROOT,https://justingredients.co.uk/products/gentian-root?_pos=102&_sid=850c5f5b3&_ss=r,100g,£20.24,£15.18,2025-07-27T18:59:06.615268
GENTIAN ROOT,https://justingredients.co.uk/products/gentian-root?_pos=102&_sid=850c5f5b3&_ss=r,250g,£44.29,£44.29,2025-07-27T18:59:06.640596
GENTIAN ROOT,https://justingredients.co.uk/products/gentian-root?_pos=102&_sid=850c5f5b3&_ss=r,500g,£80.89,£80.89,2025-07-27T18:59:06.666610
GENTIAN ROOT,https://justingredients.co.uk/products/gentian-root?_pos=102&_sid=850c5f5b3&_ss=r,1kg,£146.66,£146.66,2025-07-27T18:59:06.691603
FEVERFEW,https://justingredients.co.uk/products/feverfew?_pos=103&_sid=850c5f5b3&_ss=r,250g,£18.04,£18.04,2025-07-27T18:59:09.114808
FEVERFEW,https://justingredients.co.uk/products/feverfew?_pos=103&_sid=850c5f5b3&_ss=r,500g,£32.51,£32.51,2025-07-27T18:59:09.145645
SANDALWOOD RED,https://justingredients.co.uk/products/sandalwood-red?_pos=104&_sid=850c5f5b3&_ss=r,100g,£6.95,£5.21,2025-07-27T18:59:11.599605
SANDALWOOD RED,https://justingredients.co.uk/products/sandalwood-red?_pos=104&_sid=850c5f5b3&_ss=r,250g,£14.15,£14.15,2025-07-27T18:59:11.625336
SANDALWOOD RED,https://justingredients.co.uk/products/sandalwood-red?_pos=104&_sid=850c5f5b3&_ss=r,500g,£25.37,£25.37,2025-07-27T18:59:11.650929
SANDALWOOD RED,https://justingredients.co.uk/products/sandalwood-red?_pos=104&_sid=850c5f5b3&_ss=r,1kg,£45.07,£45.07,2025-07-27T18:59:11.675169
BIRCH LEAVES,https://justingredients.co.uk/products/birch-leaves?_pos=105&_sid=850c5f5b3&_ss=r,250g,£16.92,£16.92,2025-07-27T18:59:13.994865
BIRCH LEAVES,https://justingredients.co.uk/products/birch-leaves?_pos=105&_sid=850c5f5b3&_ss=r,500g,£30.44,£30.44,2025-07-27T18:59:14.024143
BIRCH LEAVES,https://justingredients.co.uk/products/birch-leaves?_pos=105&_sid=850c5f5b3&_ss=r,1kg,£54.36,£54.36,2025-07-27T18:59:14.049136
CAT'S CLAW,https://justingredients.co.uk/products/cat-39-s-claw?_pos=106&_sid=850c5f5b3&_ss=r,100g,£13.92,£10.44,2025-07-27T18:59:16.424771
CAT'S CLAW,https://justingredients.co.uk/products/cat-39-s-claw?_pos=106&_sid=850c5f5b3&_ss=r,250g,£29.99,£29.99,2025-07-27T18:59:16.451105
CAT'S CLAW,https://justingredients.co.uk/products/cat-39-s-claw?_pos=106&_sid=850c5f5b3&_ss=r,500g,£54.50,£54.50,2025-07-27T18:59:16.475035
CAT'S CLAW,https://justingredients.co.uk/products/cat-39-s-claw?_pos=106&_sid=850c5f5b3&_ss=r,1kg,£98.40,£98.40,2025-07-27T18:59:16.501793
GOTA COLA,https://justingredients.co.uk/products/gota-cola?_pos=107&_sid=850c5f5b3&_ss=r,100g,£7.63,£7.63,2025-07-27T18:59:18.789955
GOTA COLA,https://justingredients.co.uk/products/gota-cola?_pos=107&_sid=850c5f5b3&_ss=r,250g,£21.47,£21.47,2025-07-27T18:59:18.815032
GOTA COLA,https://justingredients.co.uk/products/gota-cola?_pos=107&_sid=850c5f5b3&_ss=r,500g,£38.83,£38.83,2025-07-27T18:59:18.841825
GOTA COLA,https://justingredients.co.uk/products/gota-cola?_pos=107&_sid=850c5f5b3&_ss=r,1kg,£69.70,£69.70,2025-07-27T18:59:18.869023
AVENS OAT STRAW,https://justingredients.co.uk/products/avens-oat-straw?_pos=108&_sid=850c5f5b3&_ss=r,250g,£9.66,£9.66,2025-07-27T18:59:21.174789
AVENS OAT STRAW,https://justingredients.co.uk/products/avens-oat-straw?_pos=108&_sid=850c5f5b3&_ss=r,500g,£17.09,£17.09,2025-07-27T18:59:21.200673
AVENS OAT STRAW,https://justingredients.co.uk/products/avens-oat-straw?_pos=108&_sid=850c5f5b3&_ss=r,1kg,£29.93,£29.93,2025-07-27T18:59:21.227917
PSYLLIUM HUSKS,https://justingredients.co.uk/products/psyllium-husks?_pos=109&_sid=850c5f5b3&_ss=r,100g,£9.31,£6.98,2025-07-27T18:59:23.721401
PSYLLIUM HUSKS,https://justingredients.co.uk/products/psyllium-husks?_pos=109&_sid=850c5f5b3&_ss=r,250g,£19.25,£19.25,2025-07-27T18:59:23.748461
PSYLLIUM HUSKS,https://justingredients.co.uk/products/psyllium-husks?_pos=109&_sid=850c5f5b3&_ss=r,500g,£34.62,£34.62,2025-07-27T18:59:23.773739
PSYLLIUM HUSKS,https://justingredients.co.uk/products/psyllium-husks?_pos=109&_sid=850c5f5b3&_ss=r,1kg,£61.81,£61.81,2025-07-27T18:59:23.798076
BARBERRY BARK,https://justingredients.co.uk/products/barberry-bark?_pos=110&_sid=850c5f5b3&_ss=r,100g,£8.84,£6.64,2025-07-27T18:59:26.110619
BARBERRY BARK,https://justingredients.co.uk/products/barberry-bark?_pos=110&_sid=850c5f5b3&_ss=r,500g,£33.34,£33.34,2025-07-27T18:59:26.135228
BARBERRY BARK,https://justingredients.co.uk/products/barberry-bark?_pos=110&_sid=850c5f5b3&_ss=r,1kg,£59.65,£59.65,2025-07-27T18:59:26.161943
BILBERRY LEAVES,https://justingredients.co.uk/products/bilberry-leaves?_pos=111&_sid=850c5f5b3&_ss=r,100g,£8.00,£8.00,2025-07-27T18:59:28.464503
BILBERRY LEAVES,https://justingredients.co.uk/products/bilberry-leaves?_pos=111&_sid=850c5f5b3&_ss=r,250g,£22.61,£22.61,2025-07-27T18:59:28.495495
SKULLCAP,https://justingredients.co.uk/products/skullcap?_pos=112&_sid=850c5f5b3&_ss=r,100g,£31.85,£23.89,2025-07-27T18:59:30.806900
SKULLCAP,https://justingredients.co.uk/products/skullcap?_pos=112&_sid=850c5f5b3&_ss=r,250g,£70.55,£70.55,2025-07-27T18:59:30.833934
SKULLCAP,https://justingredients.co.uk/products/skullcap?_pos=112&_sid=850c5f5b3&_ss=r,500g,£129.28,£129.28,2025-07-27T18:59:30.858772
SKULLCAP,https://justingredients.co.uk/products/skullcap?_pos=112&_sid=850c5f5b3&_ss=r,1kg,£235.15,£235.15,2025-07-27T18:59:30.887165
DEVILS CLAW ROOT,https://justingredients.co.uk/products/devils-claw-root?_pos=113&_sid=850c5f5b3&_ss=r,100g,£8.44,£6.32,2025-07-27T18:59:33.564661
DEVILS CLAW ROOT,https://justingredients.co.uk/products/devils-claw-root?_pos=113&_sid=850c5f5b3&_ss=r,250g,£17.51,£17.51,2025-07-27T18:59:33.591511
DEVILS CLAW ROOT,https://justingredients.co.uk/products/devils-claw-root?_pos=113&_sid=850c5f5b3&_ss=r,500g,£31.56,£31.56,2025-07-27T18:59:33.616456
COUCHGRASS,https://justingredients.co.uk/products/couchgrass?_pos=114&_sid=850c5f5b3&_ss=r,100g,£7.91,£5.93,2025-07-27T18:59:35.991075
COUCHGRASS,https://justingredients.co.uk/products/couchgrass?_pos=114&_sid=850c5f5b3&_ss=r,250g,£16.33,£16.33,2025-07-27T18:59:36.016463
SCHIZANDRA BERRIES,https://justingredients.co.uk/products/schizandra-berries?_pos=115&_sid=850c5f5b3&_ss=r,100g,£14.99,£11.24,2025-07-27T18:59:38.436277
SCHIZANDRA BERRIES,https://justingredients.co.uk/products/schizandra-berries?_pos=115&_sid=850c5f5b3&_ss=r,250g,£32.36,£32.36,2025-07-27T18:59:38.462950
SCHIZANDRA BERRIES,https://justingredients.co.uk/products/schizandra-berries?_pos=115&_sid=850c5f5b3&_ss=r,500g,£58.90,£58.90,2025-07-27T18:59:38.488254
SCHIZANDRA BERRIES,https://justingredients.co.uk/products/schizandra-berries?_pos=115&_sid=850c5f5b3&_ss=r,1kg,£106.42,£106.42,2025-07-27T18:59:38.513377
CHICORY ROOT,https://justingredients.co.uk/products/chicory-root?_pos=116&_sid=850c5f5b3&_ss=r,100g,£5.22,£3.91,2025-07-27T18:59:40.811433
CHICORY ROOT,https://justingredients.co.uk/products/chicory-root?_pos=116&_sid=850c5f5b3&_ss=r,500g,£15.41,£15.41,2025-07-27T18:59:40.835172
CHICORY ROOT,https://justingredients.co.uk/products/chicory-root?_pos=116&_sid=850c5f5b3&_ss=r,1kg,£26.93,£26.93,2025-07-27T18:59:40.858818
BLACKCURRANT LEAVES,https://justingredients.co.uk/products/blackcurrant-leaves?_pos=117&_sid=850c5f5b3&_ss=r,1kg,£80.22,£80.22,2025-07-27T18:59:43.172517
QUASSIA CHIPS,https://justingredients.co.uk/products/quassia-chips?_pos=118&_sid=850c5f5b3&_ss=r,100g,£7.28,£5.46,2025-07-27T18:59:45.592297
QUASSIA CHIPS,https://justingredients.co.uk/products/quassia-chips?_pos=118&_sid=850c5f5b3&_ss=r,250g,£14.94,£14.94,2025-07-27T18:59:45.619361
QUASSIA CHIPS,https://justingredients.co.uk/products/quassia-chips?_pos=118&_sid=850c5f5b3&_ss=r,500g,£26.80,£26.80,2025-07-27T18:59:45.644513
UVAE URSI LEAVES (BEAR BERRY),https://justingredients.co.uk/products/uva-ursi-leaves-bear-berry?_pos=119&_sid=850c5f5b3&_ss=r,250g,£6.56,£6.56,2025-07-27T18:59:48.025303
UVAE URSI LEAVES (BEAR BERRY),https://justingredients.co.uk/products/uva-ursi-leaves-bear-berry?_pos=119&_sid=850c5f5b3&_ss=r,500g,£9.40,£9.40,2025-07-27T18:59:48.052760
ICELANDIC MOSS CUT,https://justingredients.co.uk/products/icelandic-moss-cut?_pos=120&_sid=850c5f5b3&_ss=r,250g,£25.20,£25.20,2025-07-27T18:59:50.350192
ICELANDIC MOSS CUT,https://justingredients.co.uk/products/icelandic-moss-cut?_pos=120&_sid=850c5f5b3&_ss=r,500g,£45.73,£45.73,2025-07-27T18:59:50.374587
ICELANDIC MOSS CUT,https://justingredients.co.uk/products/icelandic-moss-cut?_pos=120&_sid=850c5f5b3&_ss=r,1kg,£82.33,£82.33,2025-07-27T18:59:50.399117
AGAR AGAR,https://justingredients.co.uk/products/agar-agar?_pos=121&_sid=850c5f5b3&_ss=r,100g,£8.22,£8.22,2025-07-27T18:59:52.693633
AGAR AGAR,https://justingredients.co.uk/products/agar-agar?_pos=121&_sid=850c5f5b3&_ss=r,500g,£42.29,£42.29,2025-07-27T18:59:52.721227
AGAR AGAR,https://justingredients.co.uk/products/agar-agar?_pos=121&_sid=850c5f5b3&_ss=r,1kg,£75.95,£75.95,2025-07-27T18:59:52.747007
CRAMP BARK,https://justingredients.co.uk/products/cramp-bark?_pos=122&_sid=850c5f5b3&_ss=r,100g,£16.81,£12.61,2025-07-27T18:59:55.036852
CRAMP BARK,https://justingredients.co.uk/products/cramp-bark?_pos=122&_sid=850c5f5b3&_ss=r,250g,£36.52,£36.52,2025-07-27T18:59:55.063079
CRAMP BARK,https://justingredients.co.uk/products/cramp-bark?_pos=122&_sid=850c5f5b3&_ss=r,500g,£66.59,£66.59,2025-07-27T18:59:55.087831
LINDEN FLOWERS (LIME),https://justingredients.co.uk/products/linden-flowers-lime?_pos=123&_sid=850c5f5b3&_ss=r,100g,£14.70,£11.03,2025-07-27T18:59:57.441614
LINDEN FLOWERS (LIME),https://justingredients.co.uk/products/linden-flowers-lime?_pos=123&_sid=850c5f5b3&_ss=r,250g,£31.96,£31.96,2025-07-27T18:59:57.469971
LINDEN FLOWERS (LIME),https://justingredients.co.uk/products/linden-flowers-lime?_pos=123&_sid=850c5f5b3&_ss=r,500g,£58.29,£58.29,2025-07-27T18:59:57.496645
PARSLEY,https://justingredients.co.uk/products/parsley?_pos=124&_sid=850c5f5b3&_ss=r,100g,£4.69,£3.52,2025-07-27T18:59:59.821747
PARSLEY,https://justingredients.co.uk/products/parsley?_pos=124&_sid=850c5f5b3&_ss=r,250g,£9.52,£9.52,2025-07-27T18:59:59.849626
PARSLEY,https://justingredients.co.uk/products/parsley?_pos=124&_sid=850c5f5b3&_ss=r,500g,£16.99,£16.99,2025-07-27T18:59:59.876388
PARSLEY,https://justingredients.co.uk/products/parsley?_pos=124&_sid=850c5f5b3&_ss=r,1kg,£30.09,£30.09,2025-07-27T18:59:59.901507
ORGANIC FENNEL GROUND,https://justingredients.co.uk/products/organic-fennel-seeds-ground?_pos=125&_sid=850c5f5b3&_ss=r,100g,£5.23,£3.92,2025-07-27T19:00:02.208035
ORGANIC FENNEL GROUND,https://justingredients.co.uk/products/organic-fennel-seeds-ground?_pos=125&_sid=850c5f5b3&_ss=r,500g,£18.64,£18.64,2025-07-27T19:00:02.240868
DANDELION LEAF,https://justingredients.co.uk/products/dandelion-leaf?_pos=126&_sid=850c5f5b3&_ss=r,100g,£7.00,£5.25,2025-07-27T19:00:04.582188
DANDELION LEAF,https://justingredients.co.uk/products/dandelion-leaf?_pos=126&_sid=850c5f5b3&_ss=r,250g,£14.56,£14.56,2025-07-27T19:00:04.607795
DANDELION LEAF,https://justingredients.co.uk/products/dandelion-leaf?_pos=126&_sid=850c5f5b3&_ss=r,1kg,£46.83,£46.83,2025-07-27T19:00:04.633734
ELDERBERRIES,https://justingredients.co.uk/products/elderberries?_pos=127&_sid=850c5f5b3&_ss=r,100g,£9.45,£7.09,2025-07-27T19:00:06.956231
ELDERBERRIES,https://justingredients.co.uk/products/elderberries?_pos=127&_sid=850c5f5b3&_ss=r,250g,£20.11,£20.11,2025-07-27T19:00:06.982317
ELDERBERRIES,https://justingredients.co.uk/products/elderberries?_pos=127&_sid=850c5f5b3&_ss=r,500g,£36.47,£36.47,2025-07-27T19:00:07.011782
ELDERBERRIES,https://justingredients.co.uk/products/elderberries?_pos=127&_sid=850c5f5b3&_ss=r,1kg,£65.60,£65.60,2025-07-27T19:00:07.038403
ORGANIC CHAMOMILE FLOWERS,https://justingredients.co.uk/products/organic-chamomile-flowers?_pos=128&_sid=850c5f5b3&_ss=r,100g,£9.16,£9.16,2025-07-27T19:00:09.338882
ORGANIC CHAMOMILE FLOWERS,https://justingredients.co.uk/products/organic-chamomile-flowers?_pos=128&_sid=850c5f5b3&_ss=r,1kg,£86.63,£86.63,2025-07-27T19:00:09.363564
BILBERRIES,https://justingredients.co.uk/products/bilberries?_pos=129&_sid=850c5f5b3&_ss=r,100g,£26.48,£19.86,2025-07-27T19:00:11.962003
BILBERRIES,https://justingredients.co.uk/products/bilberries?_pos=129&_sid=850c5f5b3&_ss=r,250g,£58.65,£58.65,2025-07-27T19:00:11.993761
BILBERRIES,https://justingredients.co.uk/products/bilberries?_pos=129&_sid=850c5f5b3&_ss=r,500g,£107.48,£107.48,2025-07-27T19:00:12.019457
ROSEHIP/HIBISCUS BLEND,https://justingredients.co.uk/products/rosehip-hibiscus-blend?_pos=130&_sid=850c5f5b3&_ss=r,250g,£16.48,£16.48,2025-07-27T19:00:14.502553
ROSEHIP/HIBISCUS BLEND,https://justingredients.co.uk/products/rosehip-hibiscus-blend?_pos=130&_sid=850c5f5b3&_ss=r,1kg,£53.33,£53.33,2025-07-27T19:00:14.527019
ROSEHIPS - FINE CUT,https://justingredients.co.uk/products/rosehips-fine-cut?_pos=131&_sid=850c5f5b3&_ss=r,100g,£6.61,£4.96,2025-07-27T19:00:16.850391
ROSEHIPS - FINE CUT,https://justingredients.co.uk/products/rosehips-fine-cut?_pos=131&_sid=850c5f5b3&_ss=r,250g,£13.69,£13.69,2025-07-27T19:00:16.877285
ROSEHIPS - FINE CUT,https://justingredients.co.uk/products/rosehips-fine-cut?_pos=131&_sid=850c5f5b3&_ss=r,500g,£24.63,£24.63,2025-07-27T19:00:16.901783
ROSEHIPS - FINE CUT,https://justingredients.co.uk/products/rosehips-fine-cut?_pos=131&_sid=850c5f5b3&_ss=r,1kg,£43.95,£43.95,2025-07-27T19:00:16.933428
ROOIBOS TEA,https://justingredients.co.uk/products/rooibos-tea?_pos=132&_sid=850c5f5b3&_ss=r,100g,£4.68,£3.51,2025-07-27T19:00:19.296643
ROOIBOS TEA,https://justingredients.co.uk/products/rooibos-tea?_pos=132&_sid=850c5f5b3&_ss=r,250g,£9.27,£9.27,2025-07-27T19:00:19.321266
ROOIBOS TEA,https://justingredients.co.uk/products/rooibos-tea?_pos=132&_sid=850c5f5b3&_ss=r,500g,£16.49,£16.49,2025-07-27T19:00:19.356180
ROOIBOS TEA,https://justingredients.co.uk/products/rooibos-tea?_pos=132&_sid=850c5f5b3&_ss=r,1kg,£29.07,£29.07,2025-07-27T19:00:19.383662
ELDERFLOWERS,https://justingredients.co.uk/products/elderflowers?_pos=133&_sid=850c5f5b3&_ss=r,100g,£8.64,£8.64,2025-07-27T19:00:21.683769
ELDERFLOWERS,https://justingredients.co.uk/products/elderflowers?_pos=133&_sid=850c5f5b3&_ss=r,250g,£24.75,£24.75,2025-07-27T19:00:21.709401
ELDERFLOWERS,https://justingredients.co.uk/products/elderflowers?_pos=133&_sid=850c5f5b3&_ss=r,500g,£45.01,£45.01,2025-07-27T19:00:21.740986
ELDERFLOWERS,https://justingredients.co.uk/products/elderflowers?_pos=133&_sid=850c5f5b3&_ss=r,1kg,£81.20,£81.20,2025-07-27T19:00:21.773932
ROSEHIPS WHOLE,https://justingredients.co.uk/products/rosehips-whole?_pos=134&_sid=850c5f5b3&_ss=r,100g,£3.97,£2.98,2025-07-27T19:00:24.064909
ROSEHIPS WHOLE,https://justingredients.co.uk/products/rosehips-whole?_pos=134&_sid=850c5f5b3&_ss=r,250g,£7.68,£7.68,2025-07-27T19:00:24.092024
ROSEHIPS WHOLE,https://justingredients.co.uk/products/rosehips-whole?_pos=134&_sid=850c5f5b3&_ss=r,500g,£13.55,£13.55,2025-07-27T19:00:24.117044
ROSEHIPS WHOLE,https://justingredients.co.uk/products/rosehips-whole?_pos=134&_sid=850c5f5b3&_ss=r,1kg,£23.70,£23.70,2025-07-27T19:00:24.144631
BLADDERWRACK,https://justingredients.co.uk/products/bladderwrack?_pos=135&_sid=850c5f5b3&_ss=r,100g,£4.86,£3.65,2025-07-27T19:00:26.573290
BLADDERWRACK,https://justingredients.co.uk/products/bladderwrack?_pos=135&_sid=850c5f5b3&_ss=r,250g,£9.68,£9.68,2025-07-27T19:00:26.598319
BLADDERWRACK,https://justingredients.co.uk/products/bladderwrack?_pos=135&_sid=850c5f5b3&_ss=r,500g,£17.23,£17.23,2025-07-27T19:00:26.621970
BLADDERWRACK,https://justingredients.co.uk/products/bladderwrack?_pos=135&_sid=850c5f5b3&_ss=r,1kg,£30.42,£30.42,2025-07-27T19:00:26.649951
COMFREY LEAF,https://justingredients.co.uk/products/comfrey-leaf?_pos=136&_sid=850c5f5b3&_ss=r,100g,£7.05,£5.29,2025-07-27T19:00:29.033070
COMFREY LEAF,https://justingredients.co.uk/products/comfrey-leaf?_pos=136&_sid=850c5f5b3&_ss=r,250g,£14.63,£14.63,2025-07-27T19:00:29.058571
COMFREY LEAF,https://justingredients.co.uk/products/comfrey-leaf?_pos=136&_sid=850c5f5b3&_ss=r,500g,£26.35,£26.35,2025-07-27T19:00:29.085169
ORGANIC MARJORAM,https://justingredients.co.uk/products/organic-marjoram?_pos=137&_sid=850c5f5b3&_ss=r,100g,£5.60,£4.20,2025-07-27T19:00:31.403630
ORGANIC MARJORAM,https://justingredients.co.uk/products/organic-marjoram?_pos=137&_sid=850c5f5b3&_ss=r,250g,£11.47,£11.47,2025-07-27T19:00:31.429241
ORGANIC MARJORAM,https://justingredients.co.uk/products/organic-marjoram?_pos=137&_sid=850c5f5b3&_ss=r,500g,£20.54,£20.54,2025-07-27T19:00:31.454071
ORGANIC MARJORAM,https://justingredients.co.uk/products/organic-marjoram?_pos=137&_sid=850c5f5b3&_ss=r,1kg,£36.48,£36.48,2025-07-27T19:00:31.478134
LEMON VERBENA WHOLE,https://justingredients.co.uk/products/lemon-verbena-whole?_pos=138&_sid=850c5f5b3&_ss=r,250g,£27.24,£27.24,2025-07-27T19:00:33.791882
GOJI BERRIES,https://justingredients.co.uk/products/goji-berries?_pos=139&_sid=850c5f5b3&_ss=r,100g,£7.33,£5.50,2025-07-27T19:00:36.107029
GOJI BERRIES,https://justingredients.co.uk/products/goji-berries?_pos=139&_sid=850c5f5b3&_ss=r,250g,£15.30,£15.30,2025-07-27T19:00:36.137048
GOJI BERRIES,https://justingredients.co.uk/products/goji-berries?_pos=139&_sid=850c5f5b3&_ss=r,500g,£27.60,£27.60,2025-07-27T19:00:36.164566
GOJI BERRIES,https://justingredients.co.uk/products/goji-berries?_pos=139&_sid=850c5f5b3&_ss=r,1kg,£49.37,£49.37,2025-07-27T19:00:36.190547
ROSEHIP SHELLS,https://justingredients.co.uk/products/rosehip-shells?_pos=140&_sid=850c5f5b3&_ss=r,100g,£7.37,£5.53,2025-07-27T19:00:38.482366
ROSEHIP SHELLS,https://justingredients.co.uk/products/rosehip-shells?_pos=140&_sid=850c5f5b3&_ss=r,250g,£15.36,£15.36,2025-07-27T19:00:38.507484
ROSEHIP SHELLS,https://justingredients.co.uk/products/rosehip-shells?_pos=140&_sid=850c5f5b3&_ss=r,500g,£27.73,£27.73,2025-07-27T19:00:38.532823
DILL,https://justingredients.co.uk/products/dill-weed?_pos=141&_sid=850c5f5b3&_ss=r,100g,£7.36,£5.52,2025-07-27T19:00:40.850124
DILL,https://justingredients.co.uk/products/dill-weed?_pos=141&_sid=850c5f5b3&_ss=r,250g,£15.57,£15.57,2025-07-27T19:00:40.875984
DILL,https://justingredients.co.uk/products/dill-weed?_pos=141&_sid=850c5f5b3&_ss=r,1kg,£50.36,£50.36,2025-07-27T19:00:40.903609
LEMON THYME,https://justingredients.co.uk/products/lemon-thyme?_pos=142&_sid=850c5f5b3&_ss=r,100g,£3.70,£2.78,2025-07-27T19:00:43.230049
LEMON THYME,https://justingredients.co.uk/products/lemon-thyme?_pos=142&_sid=850c5f5b3&_ss=r,250g,£7.27,£7.27,2025-07-27T19:00:43.254797
LEMON THYME,https://justingredients.co.uk/products/lemon-thyme?_pos=142&_sid=850c5f5b3&_ss=r,500g,£12.89,£12.89,2025-07-27T19:00:43.280146
LEMON THYME,https://justingredients.co.uk/products/lemon-thyme?_pos=142&_sid=850c5f5b3&_ss=r,1kg,£22.61,£22.61,2025-07-27T19:00:43.304759
GRAINS OF PARADISE,https://justingredients.co.uk/products/grains-of-paradise?_pos=143&_sid=850c5f5b3&_ss=r,100g,£22.73,£17.05,2025-07-27T19:00:45.623227
GRAINS OF PARADISE,https://justingredients.co.uk/products/grains-of-paradise?_pos=143&_sid=850c5f5b3&_ss=r,250g,£50.13,£50.13,2025-07-27T19:00:45.649207
GRAINS OF PARADISE,https://justingredients.co.uk/products/grains-of-paradise?_pos=143&_sid=850c5f5b3&_ss=r,500g,£91.77,£91.77,2025-07-27T19:00:45.674030
GRAINS OF PARADISE,https://justingredients.co.uk/products/grains-of-paradise?_pos=143&_sid=850c5f5b3&_ss=r,1kg,£166.78,£166.78,2025-07-27T19:00:45.700220
MIXED HERBS,https://justingredients.co.uk/products/mixed-herbs?_pos=144&_sid=850c5f5b3&_ss=r,100g,£3.24,£2.43,2025-07-27T19:00:48.065401
MIXED HERBS,https://justingredients.co.uk/products/mixed-herbs?_pos=144&_sid=850c5f5b3&_ss=r,250g,£6.29,£6.29,2025-07-27T19:00:48.090848
MIXED HERBS,https://justingredients.co.uk/products/mixed-herbs?_pos=144&_sid=850c5f5b3&_ss=r,500g,£11.18,£11.18,2025-07-27T19:00:48.116896
MIXED HERBS,https://justingredients.co.uk/products/mixed-herbs?_pos=144&_sid=850c5f5b3&_ss=r,1kg,£19.72,£19.72,2025-07-27T19:00:48.142040
ORGANIC MIXED HERBS,https://justingredients.co.uk/products/organic-mixed-herbs?_pos=145&_sid=850c5f5b3&_ss=r,100g,£4.67,£3.50,2025-07-27T19:00:50.469168
HERBS & SPICES POSTER,https://justingredients.co.uk/products/herbs-and-spices-poster?_pos=146&_sid=850c5f5b3&_ss=r,A4,£7.99,£7.99,2025-07-27T19:00:52.776193
CLEANSING HERB,https://justingredients.co.uk/products/cleansing-herb?_pos=147&_sid=850c5f5b3&_ss=r,100g,£6.69,£5.02,2025-07-27T19:00:55.157662
CLEANSING HERB,https://justingredients.co.uk/products/cleansing-herb?_pos=147&_sid=850c5f5b3&_ss=r,250g,£14.07,£14.07,2025-07-27T19:00:55.188833
CLEANSING HERB,https://justingredients.co.uk/products/cleansing-herb?_pos=147&_sid=850c5f5b3&_ss=r,500g,£25.37,£25.37,2025-07-27T19:00:55.219624
ALFALFA HERB,https://justingredients.co.uk/products/alfalfa-herb?_pos=148&_sid=850c5f5b3&_ss=r,250g,£8.48,£8.48,2025-07-27T19:00:58.019835
ALFALFA HERB,https://justingredients.co.uk/products/alfalfa-herb?_pos=148&_sid=850c5f5b3&_ss=r,500g,£15.04,£15.04,2025-07-27T19:00:58.046876
ALFALFA HERB,https://justingredients.co.uk/products/alfalfa-herb?_pos=148&_sid=850c5f5b3&_ss=r,1kg,£26.44,£26.44,2025-07-27T19:00:58.072120
HOLY THISTLE HERB,https://justingredients.co.uk/products/holy-thistle-herb?_pos=149&_sid=850c5f5b3&_ss=r,500g,£24.37,£24.37,2025-07-27T19:01:00.882775
CLIVERS HERB POWDER (CLEAVERS),https://justingredients.co.uk/products/clivers-herb-powder?_pos=150&_sid=850c5f5b3&_ss=r,100g,£7.73,£5.80,2025-07-27T19:01:03.619820
CLIVERS HERB POWDER (CLEAVERS),https://justingredients.co.uk/products/clivers-herb-powder?_pos=150&_sid=850c5f5b3&_ss=r,250g,£15.94,£15.94,2025-07-27T19:01:03.645133
CLIVERS HERB POWDER (CLEAVERS),https://justingredients.co.uk/products/clivers-herb-powder?_pos=150&_sid=850c5f5b3&_ss=r,500g,£28.62,£28.62,2025-07-27T19:01:03.713568
CLIVERS HERB POWDER (CLEAVERS),https://justingredients.co.uk/products/clivers-herb-powder?_pos=150&_sid=850c5f5b3&_ss=r,1kg,£51.02,£51.02,2025-07-27T19:01:03.744743
GOLDEN ROD HERB,https://justingredients.co.uk/products/golden-rod-herb?_pos=151&_sid=850c5f5b3&_ss=r,250g,£10.07,£10.07,2025-07-27T19:01:06.045468
MILK THISTLE HERB,https://justingredients.co.uk/products/milk-thistle-herb?_pos=152&_sid=850c5f5b3&_ss=r,100g,£7.57,£5.68,2025-07-27T19:01:08.343646
MILK THISTLE HERB,https://justingredients.co.uk/products/milk-thistle-herb?_pos=152&_sid=850c5f5b3&_ss=r,250g,£15.58,£15.58,2025-07-27T19:01:08.371393
MILK THISTLE HERB,https://justingredients.co.uk/products/milk-thistle-herb?_pos=152&_sid=850c5f5b3&_ss=r,500g,£28.00,£28.00,2025-07-27T19:01:08.397147
MILK THISTLE HERB,https://justingredients.co.uk/products/milk-thistle-herb?_pos=152&_sid=850c5f5b3&_ss=r,1kg,£49.87,£49.87,2025-07-27T19:01:08.421186
YARROW HERB POWDER,https://justingredients.co.uk/products/yarrow-herb-powder?_pos=153&_sid=850c5f5b3&_ss=r,100g,£7.19,£5.39,2025-07-27T19:01:10.746879
YARROW HERB POWDER,https://justingredients.co.uk/products/yarrow-herb-powder?_pos=153&_sid=850c5f5b3&_ss=r,250g,£14.71,£14.71,2025-07-27T19:01:10.773128
YARROW HERB POWDER,https://justingredients.co.uk/products/yarrow-herb-powder?_pos=153&_sid=850c5f5b3&_ss=r,500g,£26.36,£26.36,2025-07-27T19:01:10.798550
YARROW HERB POWDER,https://justingredients.co.uk/products/yarrow-herb-powder?_pos=153&_sid=850c5f5b3&_ss=r,1kg,£46.90,£46.90,2025-07-27T19:01:10.824515
ECHINACEA HERB POWDER,https://justingredients.co.uk/products/echinacea-herb-powder?_pos=154&_sid=850c5f5b3&_ss=r,250g,£11.39,£11.39,2025-07-27T19:01:13.104838
ECHINACEA HERB POWDER,https://justingredients.co.uk/products/echinacea-herb-powder?_pos=154&_sid=850c5f5b3&_ss=r,500g,£20.28,£20.28,2025-07-27T19:01:13.134380
ECHINACEA HERB POWDER,https://justingredients.co.uk/products/echinacea-herb-powder?_pos=154&_sid=850c5f5b3&_ss=r,1kg,£35.77,£35.77,2025-07-27T19:01:13.158045
SMALL FLOWERING WILLOW HERB,https://justingredients.co.uk/products/small-flowering-willow-herb?_pos=155&_sid=850c5f5b3&_ss=r,250g,£13.72,£13.72,2025-07-27T19:01:15.453316
SMALL FLOWERING WILLOW HERB,https://justingredients.co.uk/products/small-flowering-willow-herb?_pos=155&_sid=850c5f5b3&_ss=r,500g,£24.54,£24.54,2025-07-27T19:01:15.484198
SMALL FLOWERING WILLOW HERB,https://justingredients.co.uk/products/small-flowering-willow-herb?_pos=155&_sid=850c5f5b3&_ss=r,1kg,£43.57,£43.57,2025-07-27T19:01:15.510237
GOLDEN ROD HERB POWDER,https://justingredients.co.uk/products/golden-rod-herb-powder?_pos=156&_sid=850c5f5b3&_ss=r,250g,£26.26,£26.26,2025-07-27T19:01:17.807843
MUGWORT,https://justingredients.co.uk/products/mugwort?_pos=157&_sid=850c5f5b3&_ss=r,250g,£15.44,£15.44,2025-07-27T19:01:20.122580
MUGWORT,https://justingredients.co.uk/products/mugwort?_pos=157&_sid=850c5f5b3&_ss=r,500g,£27.73,£27.73,2025-07-27T19:01:20.147044
MUGWORT,https://justingredients.co.uk/products/mugwort?_pos=157&_sid=850c5f5b3&_ss=r,1kg,£49.39,£49.39,2025-07-27T19:01:20.173243
MOTHERWORT,https://justingredients.co.uk/products/motherwort?_pos=158&_sid=850c5f5b3&_ss=r,100g,£5.86,£4.39,2025-07-27T19:01:22.498904
MOTHERWORT,https://justingredients.co.uk/products/motherwort?_pos=158&_sid=850c5f5b3&_ss=r,250g,£11.69,£11.69,2025-07-27T19:01:22.525178
MOTHERWORT,https://justingredients.co.uk/products/motherwort?_pos=158&_sid=850c5f5b3&_ss=r,500g,£20.83,£20.83,2025-07-27T19:01:22.550476
MOTHERWORT,https://justingredients.co.uk/products/motherwort?_pos=158&_sid=850c5f5b3&_ss=r,1kg,£36.78,£36.78,2025-07-27T19:01:22.576702
MATE,https://justingredients.co.uk/products/mate?_pos=159&_sid=850c5f5b3&_ss=r,100g,£4.16,£3.12,2025-07-27T19:01:25.002924
MATE,https://justingredients.co.uk/products/mate?_pos=159&_sid=850c5f5b3&_ss=r,250g,£8.11,£8.11,2025-07-27T19:01:25.030022
ORGANIC OREGANO,https://justingredients.co.uk/products/organic-oregano?_pos=160&_sid=850c5f5b3&_ss=r,100g,£6.79,£5.09,2025-07-27T19:01:27.364292
ORGANIC OREGANO,https://justingredients.co.uk/products/organic-oregano?_pos=160&_sid=850c5f5b3&_ss=r,250g,£14.21,£14.21,2025-07-27T19:01:27.391511
ORGANIC OREGANO,https://justingredients.co.uk/products/organic-oregano?_pos=160&_sid=850c5f5b3&_ss=r,500g,£25.58,£25.58,2025-07-27T19:01:27.418157
ORGANIC OREGANO,https://justingredients.co.uk/products/organic-oregano?_pos=160&_sid=850c5f5b3&_ss=r,1kg,£45.65,£45.65,2025-07-27T19:01:27.443085
HYSSOP,https://justingredients.co.uk/products/hyssop?_pos=161&_sid=850c5f5b3&_ss=r,100g,£4.76,£3.58,2025-07-27T19:01:29.759422
HYSSOP,https://justingredients.co.uk/products/hyssop?_pos=161&_sid=850c5f5b3&_ss=r,250g,£9.24,£9.24,2025-07-27T19:01:29.788691
HYSSOP,https://justingredients.co.uk/products/hyssop?_pos=161&_sid=850c5f5b3&_ss=r,500g,£16.31,£16.31,2025-07-27T19:01:29.813400
HYSSOP,https://justingredients.co.uk/products/hyssop?_pos=161&_sid=850c5f5b3&_ss=r,1kg,£28.50,£28.50,2025-07-27T19:01:29.838328
FRENCH TARRAGON,https://justingredients.co.uk/products/french-tarragon?_pos=162&_sid=850c5f5b3&_ss=r,100g,£7.75,£7.75,2025-07-27T19:01:32.149714
FRENCH TARRAGON,https://justingredients.co.uk/products/french-tarragon?_pos=162&_sid=850c5f5b3&_ss=r,250g,£22.26,£22.26,2025-07-27T19:01:32.173362
BASIL GROUND,https://justingredients.co.uk/products/basil-ground?_pos=163&_sid=850c5f5b3&_ss=r,250g,£6.65,£6.65,2025-07-27T19:01:34.860330
BASIL GROUND,https://justingredients.co.uk/products/basil-ground?_pos=163&_sid=850c5f5b3&_ss=r,500g,£11.85,£11.85,2025-07-27T19:01:34.885892
ORGANIC BOUQUET GARNI,https://justingredients.co.uk/products/organic-bouquet-garni?_pos=164&_sid=850c5f5b3&_ss=r,100g,£5.45,£4.09,2025-07-27T19:01:37.198313
ORGANIC ROSEMARY,https://justingredients.co.uk/products/organic-rosemary?_pos=165&_sid=850c5f5b3&_ss=r,100g,£4.53,£3.40,2025-07-27T19:01:39.486671
ORGANIC ROSEMARY,https://justingredients.co.uk/products/organic-rosemary?_pos=165&_sid=850c5f5b3&_ss=r,250g,£5.62,£5.62,2025-07-27T19:01:39.512384
ORGANIC ROSEMARY,https://justingredients.co.uk/products/organic-rosemary?_pos=165&_sid=850c5f5b3&_ss=r,500g,£9.60,£9.60,2025-07-27T19:01:39.539646
ORGANIC ROSEMARY,https://justingredients.co.uk/products/organic-rosemary?_pos=165&_sid=850c5f5b3&_ss=r,1kg,£16.17,£16.17,2025-07-27T19:01:39.564014
ORGANIC SAGE,https://justingredients.co.uk/products/organic-sage?_pos=166&_sid=850c5f5b3&_ss=r,100g,£5.57,£4.18,2025-07-27T19:01:41.892131
ORGANIC SAGE,https://justingredients.co.uk/products/organic-sage?_pos=166&_sid=850c5f5b3&_ss=r,250g,£11.45,£11.45,2025-07-27T19:01:41.924690
ORGANIC SAGE,https://justingredients.co.uk/products/organic-sage?_pos=166&_sid=850c5f5b3&_ss=r,1kg,£36.43,£36.43,2025-07-27T19:01:41.953254
SWEDISH BITTER,https://justingredients.co.uk/products/swedish-bitter?_pos=167&_sid=850c5f5b3&_ss=r,100g,£9.34,£7.01,2025-07-27T19:01:44.828905
SWEDISH BITTER,https://justingredients.co.uk/products/swedish-bitter?_pos=167&_sid=850c5f5b3&_ss=r,250g,£19.85,£19.85,2025-07-27T19:01:44.853640
SWEDISH BITTER,https://justingredients.co.uk/products/swedish-bitter?_pos=167&_sid=850c5f5b3&_ss=r,500g,£35.88,£35.88,2025-07-27T19:01:44.877917
SWEDISH BITTER,https://justingredients.co.uk/products/swedish-bitter?_pos=167&_sid=850c5f5b3&_ss=r,1kg,£64.38,£64.38,2025-07-27T19:01:44.901723
PARSLEY AND THYME SALT,https://justingredients.co.uk/products/parsley-and-thyme-salt?_pos=168&_sid=850c5f5b3&_ss=r,100g,£3.40,£2.55,2025-07-27T19:01:47.188806
PARSLEY AND THYME SALT,https://justingredients.co.uk/products/parsley-and-thyme-salt?_pos=168&_sid=850c5f5b3&_ss=r,250g,£6.17,£6.17,2025-07-27T19:01:47.213316
LADIES MANTLE,https://justingredients.co.uk/products/ladies-mantle-parsley-piert?_pos=169&_sid=850c5f5b3&_ss=r,100g,£9.78,£7.33,2025-07-27T19:01:49.509274
LADIES MANTLE,https://justingredients.co.uk/products/ladies-mantle-parsley-piert?_pos=169&_sid=850c5f5b3&_ss=r,250g,£20.58,£20.58,2025-07-27T19:01:49.534296
LADIES MANTLE,https://justingredients.co.uk/products/ladies-mantle-parsley-piert?_pos=169&_sid=850c5f5b3&_ss=r,1kg,£66.72,£66.72,2025-07-27T19:01:49.560641
BOUQUET GARNI,https://justingredients.co.uk/products/bouquet-garni?_pos=170&_sid=850c5f5b3&_ss=r,100g,£4.04,£3.03,2025-07-27T19:01:52.753996
BOUQUET GARNI,https://justingredients.co.uk/products/bouquet-garni?_pos=170&_sid=850c5f5b3&_ss=r,250g,£8.07,£8.07,2025-07-27T19:01:52.784374
ORGANIC THYME,https://justingredients.co.uk/products/organic-thyme?_pos=171&_sid=850c5f5b3&_ss=r,100g,£3.62,£2.72,2025-07-27T19:01:55.952435
ORGANIC THYME,https://justingredients.co.uk/products/organic-thyme?_pos=171&_sid=850c5f5b3&_ss=r,250g,£7.03,£7.03,2025-07-27T19:01:55.978446
ORGANIC THYME,https://justingredients.co.uk/products/organic-thyme?_pos=171&_sid=850c5f5b3&_ss=r,500g,£12.39,£12.39,2025-07-27T19:01:56.004840
ORGANIC THYME,https://justingredients.co.uk/products/organic-thyme?_pos=171&_sid=850c5f5b3&_ss=r,1kg,£21.63,£21.63,2025-07-27T19:01:56.034366
MOTHERWORT POWDER,https://justingredients.co.uk/products/motherwort-powder?_pos=172&_sid=850c5f5b3&_ss=r,250g,£16.92,£16.92,2025-07-27T19:01:58.463699
MOTHERWORT POWDER,https://justingredients.co.uk/products/motherwort-powder?_pos=172&_sid=850c5f5b3&_ss=r,500g,£30.44,£30.44,2025-07-27T19:01:58.490271
ORGANIC BASIL,https://justingredients.co.uk/products/organic-basil?_pos=173&_sid=850c5f5b3&_ss=r,100g,£4.84,£3.63,2025-07-27T19:02:00.855972
ORGANIC BASIL,https://justingredients.co.uk/products/organic-basil?_pos=173&_sid=850c5f5b3&_ss=r,250g,£9.78,£9.78,2025-07-27T19:02:00.889421
ORGANIC BASIL,https://justingredients.co.uk/products/organic-basil?_pos=173&_sid=850c5f5b3&_ss=r,500g,£17.43,£17.43,2025-07-27T19:02:00.915211
ORGANIC BASIL,https://justingredients.co.uk/products/organic-basil?_pos=173&_sid=850c5f5b3&_ss=r,1kg,£30.80,£30.80,2025-07-27T19:02:00.943564
BARBECUE SPICE BLEND,https://justingredients.co.uk/products/barbecue-spice?_pos=174&_sid=850c5f5b3&_ss=r,100g,£3.34,£2.51,2025-07-27T19:02:03.380581
BARBECUE SPICE BLEND,https://justingredients.co.uk/products/barbecue-spice?_pos=174&_sid=850c5f5b3&_ss=r,250g,£6.48,£6.48,2025-07-27T19:02:03.410094
BARBECUE SPICE BLEND,https://justingredients.co.uk/products/barbecue-spice?_pos=174&_sid=850c5f5b3&_ss=r,500g,£11.41,£11.41,2025-07-27T19:02:03.471596
BARBECUE SPICE BLEND,https://justingredients.co.uk/products/barbecue-spice?_pos=174&_sid=850c5f5b3&_ss=r,1kg,£19.91,£19.91,2025-07-27T19:02:03.515788
MULLEIN FLOWERS,https://justingredients.co.uk/products/mullein-flowers?_pos=175&_sid=850c5f5b3&_ss=r,100g,£13.69,£10.27,2025-07-27T19:02:07.222670
MULLEIN FLOWERS,https://justingredients.co.uk/products/mullein-flowers?_pos=175&_sid=850c5f5b3&_ss=r,1kg,£96.52,£96.52,2025-07-27T19:02:07.257424
BAY LEAVES,https://justingredients.co.uk/products/bay-leaves?_pos=176&_sid=850c5f5b3&_ss=r,100g,£5.36,£5.36,2025-07-27T19:02:09.654636
BAY LEAVES,https://justingredients.co.uk/products/bay-leaves?_pos=176&_sid=850c5f5b3&_ss=r,250g,£11.03,£11.03,2025-07-27T19:02:09.683275
BAY LEAVES,https://justingredients.co.uk/products/bay-leaves?_pos=176&_sid=850c5f5b3&_ss=r,500g,£19.79,£19.79,2025-07-27T19:02:09.711808
BAY LEAVES,https://justingredients.co.uk/products/bay-leaves?_pos=176&_sid=850c5f5b3&_ss=r,1kg,£35.19,£35.19,2025-07-27T19:02:09.736482
SHEEP'S SORREL,https://justingredients.co.uk/products/sheep-sorrel?_pos=177&_sid=850c5f5b3&_ss=r,250g,£8.41,£8.41,2025-07-27T19:02:12.606158
SHEEP'S SORREL,https://justingredients.co.uk/products/sheep-sorrel?_pos=177&_sid=850c5f5b3&_ss=r,500g,£14.92,£14.92,2025-07-27T19:02:12.634588
SHEEP'S SORREL,https://justingredients.co.uk/products/sheep-sorrel?_pos=177&_sid=850c5f5b3&_ss=r,1kg,£26.21,£26.21,2025-07-27T19:02:12.660510
MULBERRY LEAVES,https://justingredients.co.uk/products/mulberry-leaves?_pos=178&_sid=850c5f5b3&_ss=r,250g,£14.15,£14.15,2025-07-27T19:02:15.826856
MULBERRY LEAVES,https://justingredients.co.uk/products/mulberry-leaves?_pos=178&_sid=850c5f5b3&_ss=r,500g,£25.37,£25.37,2025-07-27T19:02:15.852635
BONESET,https://justingredients.co.uk/products/boneset?_pos=179&_sid=850c5f5b3&_ss=r,100g,£5.23,£3.92,2025-07-27T19:02:20.803863
BONESET,https://justingredients.co.uk/products/boneset?_pos=179&_sid=850c5f5b3&_ss=r,500g,£18.16,£18.16,2025-07-27T19:02:20.830224
ORGANIC PARSLEY,https://justingredients.co.uk/products/organic-parsley?_pos=180&_sid=850c5f5b3&_ss=r,100g,£9.34,£7.01,2025-07-27T19:02:23.858825
BOLDO LEAF POWDER,https://justingredients.co.uk/products/boldo-leaf-powder?_pos=181&_sid=850c5f5b3&_ss=r,250g,£15.91,£15.91,2025-07-27T19:02:26.533706
BOLDO LEAF POWDER,https://justingredients.co.uk/products/boldo-leaf-powder?_pos=181&_sid=850c5f5b3&_ss=r,500g,£28.58,£28.58,2025-07-27T19:02:26.563697
CORIANDER LEAVES,https://justingredients.co.uk/products/coriander-leaves?_pos=182&_sid=850c5f5b3&_ss=r,100g,£3.41,£2.56,2025-07-27T19:02:29.753450
CORIANDER LEAVES,https://justingredients.co.uk/products/coriander-leaves?_pos=182&_sid=850c5f5b3&_ss=r,250g,£6.67,£6.67,2025-07-27T19:02:29.780310
CORIANDER LEAVES,https://justingredients.co.uk/products/coriander-leaves?_pos=182&_sid=850c5f5b3&_ss=r,500g,£11.74,£11.74,2025-07-27T19:02:29.807326
CORIANDER LEAVES,https://justingredients.co.uk/products/coriander-leaves?_pos=182&_sid=850c5f5b3&_ss=r,1kg,£20.53,£20.53,2025-07-27T19:02:29.832171
BLACK PSYLLIUM SEEDS,https://justingredients.co.uk/products/black-psyllium-seeds?_pos=183&_sid=850c5f5b3&_ss=r,100g,£7.28,£5.46,2025-07-27T19:02:32.829135
BLACK PSYLLIUM SEEDS,https://justingredients.co.uk/products/black-psyllium-seeds?_pos=183&_sid=850c5f5b3&_ss=r,500g,£26.80,£26.80,2025-07-27T19:02:32.855868
BLACK PSYLLIUM SEEDS,https://justingredients.co.uk/products/black-psyllium-seeds?_pos=183&_sid=850c5f5b3&_ss=r,1kg,£47.71,£47.71,2025-07-27T19:02:32.883246
ORGANIC BAY LEAVES,https://justingredients.co.uk/products/organic-bay-leaves?_pos=184&_sid=850c5f5b3&_ss=r,500g,£37.44,£37.44,2025-07-27T19:02:35.322850
CAROB PODS CUT,https://justingredients.co.uk/products/carob-pods-cut?_pos=185&_sid=850c5f5b3&_ss=r,100g,£4.53,£3.40,2025-07-27T19:02:38.725683
CAROB PODS CUT,https://justingredients.co.uk/products/carob-pods-cut?_pos=185&_sid=850c5f5b3&_ss=r,250g,£5.39,£5.39,2025-07-27T19:02:38.756089
CAROB PODS CUT,https://justingredients.co.uk/products/carob-pods-cut?_pos=185&_sid=850c5f5b3&_ss=r,500g,£9.16,£9.16,2025-07-27T19:02:38.782335
CAROB PODS CUT,https://justingredients.co.uk/products/carob-pods-cut?_pos=185&_sid=850c5f5b3&_ss=r,1kg,£15.37,£15.37,2025-07-27T19:02:38.813210
WHITE WILLOW BARK,https://justingredients.co.uk/products/white-willow-bark?_pos=186&_sid=850c5f5b3&_ss=r,100g,£5.12,£3.84,2025-07-27T19:02:42.347341
WHITE WILLOW BARK,https://justingredients.co.uk/products/white-willow-bark?_pos=186&_sid=850c5f5b3&_ss=r,500g,£17.78,£17.78,2025-07-27T19:02:42.375898
WHITE WILLOW BARK,https://justingredients.co.uk/products/white-willow-bark?_pos=186&_sid=850c5f5b3&_ss=r,1kg,£31.22,£31.22,2025-07-27T19:02:42.444402
SENNA LEAVES,https://justingredients.co.uk/products/senna-leaves?_pos=187&_sid=850c5f5b3&_ss=r,100g,£5.22,£3.91,2025-07-27T19:02:45.096408
SENNA LEAVES,https://justingredients.co.uk/products/senna-leaves?_pos=187&_sid=850c5f5b3&_ss=r,250g,£6.82,£6.82,2025-07-27T19:02:45.123597
SENNA LEAVES,https://justingredients.co.uk/products/senna-leaves?_pos=187&_sid=850c5f5b3&_ss=r,500g,£11.82,£11.82,2025-07-27T19:02:45.151460
SENNA LEAVES,https://justingredients.co.uk/products/senna-leaves?_pos=187&_sid=850c5f5b3&_ss=r,1kg,£20.26,£20.26,2025-07-27T19:02:45.176519
RHUBARB ROOT,https://justingredients.co.uk/products/rhubarb-root?_pos=188&_sid=850c5f5b3&_ss=r,250g,£12.14,£12.14,2025-07-27T19:02:47.595434
RHUBARB ROOT,https://justingredients.co.uk/products/rhubarb-root?_pos=188&_sid=850c5f5b3&_ss=r,500g,£21.65,£21.65,2025-07-27T19:02:47.622379
RHUBARB ROOT,https://justingredients.co.uk/products/rhubarb-root?_pos=188&_sid=850c5f5b3&_ss=r,1kg,£38.28,£38.28,2025-07-27T19:02:47.648260
DON QUAI CUT,https://justingredients.co.uk/products/don-quai-cut?_pos=189&_sid=850c5f5b3&_ss=r,100g,£9.76,£7.32,2025-07-27T19:02:49.979010
DON QUAI CUT,https://justingredients.co.uk/products/don-quai-cut?_pos=189&_sid=850c5f5b3&_ss=r,250g,£20.56,£20.56,2025-07-27T19:02:50.004497
DON QUAI CUT,https://justingredients.co.uk/products/don-quai-cut?_pos=189&_sid=850c5f5b3&_ss=r,500g,£37.15,£37.15,2025-07-27T19:02:50.029671
DON QUAI CUT,https://justingredients.co.uk/products/don-quai-cut?_pos=189&_sid=850c5f5b3&_ss=r,1kg,£66.64,£66.64,2025-07-27T19:02:50.055560
STRAWBERRY LEAVES,https://justingredients.co.uk/products/strawberry-leaves?_pos=190&_sid=850c5f5b3&_ss=r,250g,£22.61,£22.61,2025-07-27T19:02:52.446529
MUIRA PUAMA,https://justingredients.co.uk/products/muira-puama?_pos=191&_sid=850c5f5b3&_ss=r,100g,£6.19,£4.64,2025-07-27T19:02:55.208864
MUIRA PUAMA,https://justingredients.co.uk/products/muira-puama?_pos=191&_sid=850c5f5b3&_ss=r,1kg,£39.37,£39.37,2025-07-27T19:02:55.234551
BIRCH BARK,https://justingredients.co.uk/products/birch-bark?_pos=192&_sid=850c5f5b3&_ss=r,250g,£11.20,£11.20,2025-07-27T19:02:58.067199
BIRCH BARK,https://justingredients.co.uk/products/birch-bark?_pos=192&_sid=850c5f5b3&_ss=r,500g,£19.92,£19.92,2025-07-27T19:02:58.093255
BIRCH BARK,https://justingredients.co.uk/products/birch-bark?_pos=192&_sid=850c5f5b3&_ss=r,1kg,£35.08,£35.08,2025-07-27T19:02:58.116969
IRISH MOSS,https://justingredients.co.uk/products/irish-moss?_pos=193&_sid=850c5f5b3&_ss=r,100g,£23.56,£17.66,2025-07-27T19:03:01.228156
IRISH MOSS,https://justingredients.co.uk/products/irish-moss?_pos=193&_sid=850c5f5b3&_ss=r,250g,£51.74,£51.74,2025-07-27T19:03:01.253290
ASTRAGALUS ROOT,https://justingredients.co.uk/products/astragalus-root?_pos=194&_sid=850c5f5b3&_ss=r,100g,£6.61,£4.96,2025-07-27T19:03:03.869303
ASTRAGALUS ROOT,https://justingredients.co.uk/products/astragalus-root?_pos=194&_sid=850c5f5b3&_ss=r,250g,£13.39,£13.39,2025-07-27T19:03:03.897680
ASTRAGALUS ROOT,https://justingredients.co.uk/products/astragalus-root?_pos=194&_sid=850c5f5b3&_ss=r,500g,£23.95,£23.95,2025-07-27T19:03:03.922308
ASTRAGALUS ROOT,https://justingredients.co.uk/products/astragalus-root?_pos=194&_sid=850c5f5b3&_ss=r,1kg,£42.48,£42.48,2025-07-27T19:03:03.948472
HYDRANGEA ROOT,https://justingredients.co.uk/products/hydrangea-root?_pos=195&_sid=850c5f5b3&_ss=r,100g,£16.08,£12.06,2025-07-27T19:03:07.504723
HAWTHORN LEAVES,https://justingredients.co.uk/products/hawthorn-leaves?_pos=196&_sid=850c5f5b3&_ss=r,100g,£6.01,£4.51,2025-07-27T19:03:09.914883
HAWTHORN LEAVES,https://justingredients.co.uk/products/hawthorn-leaves?_pos=196&_sid=850c5f5b3&_ss=r,250g,£12.05,£12.05,2025-07-27T19:03:09.941945
HAWTHORN LEAVES,https://justingredients.co.uk/products/hawthorn-leaves?_pos=196&_sid=850c5f5b3&_ss=r,500g,£21.46,£21.46,2025-07-27T19:03:09.966779
HAWTHORN LEAVES,https://justingredients.co.uk/products/hawthorn-leaves?_pos=196&_sid=850c5f5b3&_ss=r,1kg,£37.93,£37.93,2025-07-27T19:03:09.991797
SHEPHERDS PURSE,https://justingredients.co.uk/products/shepherds-purse?_pos=197&_sid=850c5f5b3&_ss=r,100g,£5.50,£4.13,2025-07-27T19:03:12.448406
SHEPHERDS PURSE,https://justingredients.co.uk/products/shepherds-purse?_pos=197&_sid=850c5f5b3&_ss=r,250g,£10.87,£10.87,2025-07-27T19:03:12.474234
SHEPHERDS PURSE,https://justingredients.co.uk/products/shepherds-purse?_pos=197&_sid=850c5f5b3&_ss=r,500g,£19.31,£19.31,2025-07-27T19:03:12.501390
SHEPHERDS PURSE,https://justingredients.co.uk/products/shepherds-purse?_pos=197&_sid=850c5f5b3&_ss=r,1kg,£34.01,£34.01,2025-07-27T19:03:12.528439
PAU D'ARCO,https://justingredients.co.uk/products/pau-d-39-arco?_pos=198&_sid=850c5f5b3&_ss=r,100g,£5.57,£4.18,2025-07-27T19:03:15.551378
PAU D'ARCO,https://justingredients.co.uk/products/pau-d-39-arco?_pos=198&_sid=850c5f5b3&_ss=r,250g,£11.05,£11.05,2025-07-27T19:03:15.575996
PAU D'ARCO,https://justingredients.co.uk/products/pau-d-39-arco?_pos=198&_sid=850c5f5b3&_ss=r,500g,£19.66,£19.66,2025-07-27T19:03:15.601583
PAU D'ARCO,https://justingredients.co.uk/products/pau-d-39-arco?_pos=198&_sid=850c5f5b3&_ss=r,1kg,£34.62,£34.62,2025-07-27T19:03:15.629042
MARIGOLD PETALS,https://justingredients.co.uk/products/marigold-petals?_pos=199&_sid=850c5f5b3&_ss=r,100g,£8.80,£6.60,2025-07-27T19:03:18.135707
MARIGOLD PETALS,https://justingredients.co.uk/products/marigold-petals?_pos=199&_sid=850c5f5b3&_ss=r,250g,£18.36,£18.36,2025-07-27T19:03:18.163221
MARIGOLD PETALS,https://justingredients.co.uk/products/marigold-petals?_pos=199&_sid=850c5f5b3&_ss=r,500g,£33.12,£33.12,2025-07-27T19:03:18.190323
MARIGOLD PETALS,https://justingredients.co.uk/products/marigold-petals?_pos=199&_sid=850c5f5b3&_ss=r,1kg,£59.24,£59.24,2025-07-27T19:03:18.217050
ARTICHOKE LEAVES CUT,https://justingredients.co.uk/products/artichoke-leaves-cut?_pos=200&_sid=850c5f5b3&_ss=r,500g,£29.10,£29.10,2025-07-27T19:03:20.681756
PARSLEY GROUND,https://justingredients.co.uk/products/parsley-ground?_pos=201&_sid=850c5f5b3&_ss=r,100g,£5.13,£3.85,2025-07-27T19:03:23.483196
PARSLEY GROUND,https://justingredients.co.uk/products/parsley-ground?_pos=201&_sid=850c5f5b3&_ss=r,250g,£10.54,£10.54,2025-07-27T19:03:23.513692
CURRY LEAVES,https://justingredients.co.uk/products/curry-leaves?_pos=202&_sid=850c5f5b3&_ss=r,100g,£5.68,£4.26,2025-07-27T19:03:25.798063
ELECAMPANE,https://justingredients.co.uk/products/elecampane?_pos=203&_sid=850c5f5b3&_ss=r,100g,£8.80,£6.60,2025-07-27T19:03:28.218557
HORSE CHESTNUT SEEDS,https://justingredients.co.uk/products/horse-chestnut-seeds?_pos=204&_sid=850c5f5b3&_ss=r,250g,£7.99,£7.99,2025-07-27T19:03:30.615149
HORSE CHESTNUT SEEDS,https://justingredients.co.uk/products/horse-chestnut-seeds?_pos=204&_sid=850c5f5b3&_ss=r,500g,£14.11,£14.11,2025-07-27T19:03:30.668221
WALNUT LEAVES,https://justingredients.co.uk/products/walnut-leaves?_pos=205&_sid=850c5f5b3&_ss=r,500g,£21.05,£21.05,2025-07-27T19:03:33.030693
HIBISCUS FLOWERS FINE CUT,https://justingredients.co.uk/products/hibiscus-flowers-fine-cut?_pos=206&_sid=850c5f5b3&_ss=r,100g,£3.75,£2.81,2025-07-27T19:03:35.649976
HIBISCUS FLOWERS FINE CUT,https://justingredients.co.uk/products/hibiscus-flowers-fine-cut?_pos=206&_sid=850c5f5b3&_ss=r,250g,£7.19,£7.19,2025-07-27T19:03:35.681232
HIBISCUS FLOWERS FINE CUT,https://justingredients.co.uk/products/hibiscus-flowers-fine-cut?_pos=206&_sid=850c5f5b3&_ss=r,500g,£12.63,£12.63,2025-07-27T19:03:35.709822
HIBISCUS FLOWERS FINE CUT,https://justingredients.co.uk/products/hibiscus-flowers-fine-cut?_pos=206&_sid=850c5f5b3&_ss=r,1kg,£22.00,£22.00,2025-07-27T19:03:35.734782
PSYLLIUM SEEDS,https://justingredients.co.uk/products/psyllium-seeds?_pos=207&_sid=850c5f5b3&_ss=r,250g,£10.03,£10.03,2025-07-27T19:03:38.281916
PSYLLIUM SEEDS,https://justingredients.co.uk/products/psyllium-seeds?_pos=207&_sid=850c5f5b3&_ss=r,1kg,£30.74,£30.74,2025-07-27T19:03:38.309079
PARSLEY ROOT,https://justingredients.co.uk/products/parsley-root?_pos=208&_sid=850c5f5b3&_ss=r,250g,£13.49,£13.49,2025-07-27T19:03:40.614566
PARSLEY ROOT,https://justingredients.co.uk/products/parsley-root?_pos=208&_sid=850c5f5b3&_ss=r,500g,£24.13,£24.13,2025-07-27T19:03:40.640734
PARSLEY ROOT,https://justingredients.co.uk/products/parsley-root?_pos=208&_sid=850c5f5b3&_ss=r,1kg,£42.83,£42.83,2025-07-27T19:03:40.664805
ORGANIC ROSEHIP SHELLS,https://justingredients.co.uk/products/organic-rosehip-shells?_pos=209&_sid=850c5f5b3&_ss=r,500g,£25.92,£25.92,2025-07-27T19:03:43.026053
CHAMOMILE FLOWERS (GERMAN),https://justingredients.co.uk/products/chamomile-flowers-german?_pos=210&_sid=850c5f5b3&_ss=r,100g,£6.81,£5.11,2025-07-27T19:03:50.018178
CHAMOMILE FLOWERS (GERMAN),https://justingredients.co.uk/products/chamomile-flowers-german?_pos=210&_sid=850c5f5b3&_ss=r,250g,£14.10,£14.10,2025-07-27T19:03:50.044342
CHAMOMILE FLOWERS (GERMAN),https://justingredients.co.uk/products/chamomile-flowers-german?_pos=210&_sid=850c5f5b3&_ss=r,500g,£25.39,£25.39,2025-07-27T19:03:50.068604
CHAMOMILE FLOWERS (GERMAN),https://justingredients.co.uk/products/chamomile-flowers-german?_pos=210&_sid=850c5f5b3&_ss=r,1kg,£45.35,£45.35,2025-07-27T19:03:50.094096
GREEN TEA SENCHA,https://justingredients.co.uk/products/green-tea-sencha?_pos=211&_sid=850c5f5b3&_ss=r,100g,£3.86,£2.90,2025-07-27T19:03:53.852278
GREEN TEA SENCHA,https://justingredients.co.uk/products/green-tea-sencha?_pos=211&_sid=850c5f5b3&_ss=r,250g,£7.42,£7.42,2025-07-27T19:03:53.881992
GREEN TEA SENCHA,https://justingredients.co.uk/products/green-tea-sencha?_pos=211&_sid=850c5f5b3&_ss=r,500g,£13.07,£13.07,2025-07-27T19:03:53.906606
GREEN TEA SENCHA,https://justingredients.co.uk/products/green-tea-sencha?_pos=211&_sid=850c5f5b3&_ss=r,1kg,£22.79,£22.79,2025-07-27T19:03:53.933208
FENUGREEK LEAVES,https://justingredients.co.uk/products/fenugreek-leaves?_pos=212&_sid=850c5f5b3&_ss=r,100g,£4.80,£3.60,2025-07-27T19:04:50.662154
FENUGREEK LEAVES,https://justingredients.co.uk/products/fenugreek-leaves?_pos=212&_sid=850c5f5b3&_ss=r,250g,£9.78,£9.78,2025-07-27T19:04:50.694035
FENUGREEK LEAVES,https://justingredients.co.uk/products/fenugreek-leaves?_pos=212&_sid=850c5f5b3&_ss=r,500g,£17.48,£17.48,2025-07-27T19:04:50.725339
HOPS,https://justingredients.co.uk/products/hops?_pos=213&_sid=850c5f5b3&_ss=r,100g,£9.13,£6.85,2025-07-27T19:04:57.274282
HOPS,https://justingredients.co.uk/products/hops?_pos=213&_sid=850c5f5b3&_ss=r,1kg,£63.00,£63.00,2025-07-27T19:04:57.304808
